// Face Detection TFLite model and configuration
// Auto-generated by train_cnn_model.py - do not edit
#ifndef FACE_MODEL_DATA_H
#define FACE_MODEL_DATA_H

// Model size: 27504 bytes
alignas(8) const unsigned char face_model_tflite[] = {
  0x1c, 0x00, 0x00, 0x00, 0x54, 0x46, 0x4c, 0x33, 0x14, 0x00, 0x20, 0x00,
  0x1c, 0x00, 0x18, 0x00, 0x14, 0x00, 0x10, 0x00, 0x0c, 0x00, 0x00, 0x00,
  0x08, 0x00, 0x04, 0x00, 0x14, 0x00, 0x00, 0x00, 0x1c, 0x00, 0x00, 0x00,
  0x98, 0x00, 0x00, 0x00, 0xf0, 0x00, 0x00, 0x00, 0x78, 0x5f, 0x00, 0x00,
  0x88, 0x5f, 0x00, 0x00, 0xdc, 0x6a, 0x00, 0x00, 0x03, 0x00, 0x00, 0x00,
  0x01, 0x00, 0x00, 0x00, 0x10, 0x00, 0x00, 0x00, 0x00, 0x00, 0x0a, 0x00,
  0x10, 0x00, 0x0c, 0x00, 0x08, 0x00, 0x04, 0x00, 0x0a, 0x00, 0x00, 0x00,
  0x0c, 0x00, 0x00, 0x00, 0x1c, 0x00, 0x00, 0x00, 0x3c, 0x00, 0x00, 0x00,
  0x0f, 0x00, 0x00, 0x00, 0x73, 0x65, 0x72, 0x76, 0x69, 0x6e, 0x67, 0x5f,
  0x64, 0x65, 0x66, 0x61, 0x75, 0x6c, 0x74, 0x00, 0x01, 0x00, 0x00, 0x00,
  0x04, 0x00, 0x00, 0x00, 0x90, 0xff, 0xff, 0xff, 0x12, 0x00, 0x00, 0x00,
  0x04, 0x00, 0x00, 0x00, 0x08, 0x00, 0x00, 0x00, 0x6f, 0x75, 0x74, 0x70,
  0x75, 0x74, 0x5f, 0x30, 0x00, 0x00, 0x00, 0x00, 0x01, 0x00, 0x00, 0x00,
  0x04, 0x00, 0x00, 0x00, 0x6a, 0xa0, 0xff, 0xff, 0x04, 0x00, 0x00, 0x00,
  0x0c, 0x00, 0x00, 0x00, 0x6b, 0x65, 0x72, 0x61, 0x73, 0x5f, 0x74, 0x65,
  0x6e, 0x73, 0x6f, 0x72, 0x00, 0x00, 0x00, 0x00, 0x02, 0x00, 0x00, 0x00,
  0x34, 0x00, 0x00, 0x00, 0x04, 0x00, 0x00, 0x00, 0xdc, 0xff, 0xff, 0xff,
  0x15, 0x00, 0x00, 0x00, 0x04, 0x00, 0x00, 0x00, 0x13, 0x00, 0x00, 0x00,
  0x43, 0x4f, 0x4e, 0x56, 0x45, 0x52, 0x53, 0x49, 0x4f, 0x4e, 0x5f, 0x4d,
  0x45, 0x54, 0x41, 0x44, 0x41, 0x54, 0x41, 0x00, 0x08, 0x00, 0x0c, 0x00,
  0x08, 0x00, 0x04, 0x00, 0x08, 0x00, 0x00, 0x00, 0x14, 0x00, 0x00, 0x00,
  0x04, 0x00, 0x00, 0x00, 0x13, 0x00, 0x00, 0x00, 0x6d, 0x69, 0x6e, 0x5f,
  0x72, 0x75, 0x6e, 0x74, 0x69, 0x6d, 0x65, 0x5f, 0x76, 0x65, 0x72, 0x73,
  0x69, 0x6f, 0x6e, 0x00, 0x16, 0x00, 0x00, 0x00, 0x84, 0x5e, 0x00, 0x00,
  0x7c, 0x5e, 0x00, 0x00, 0xec, 0x5d, 0x00, 0x00, 0x9c, 0x5d, 0x00, 0x00,
  0x84, 0x5d, 0x00, 0x00, 0x74, 0x15, 0x00, 0x00, 0x64, 0x03, 0x00, 0x00,
  0x54, 0x02, 0x00, 0x00, 0x3c, 0x02, 0x00, 0x00, 0x0c, 0x01, 0x00, 0x00,
  0xdc, 0x00, 0x00, 0x00, 0xd4, 0x00, 0x00, 0x00, 0xcc, 0x00, 0x00, 0x00,
  0xc4, 0x00, 0x00, 0x00, 0xbc, 0x00, 0x00, 0x00, 0xb4, 0x00, 0x00, 0x00,
  0xac, 0x00, 0x00, 0x00, 0xa4, 0x00, 0x00, 0x00, 0x9c, 0x00, 0x00, 0x00,
  0x94, 0x00, 0x00, 0x00, 0x74, 0x00, 0x00, 0x00, 0x04, 0x00, 0x00, 0x00,
  0x3e, 0xa1, 0xff, 0xff, 0x04, 0x00, 0x00, 0x00, 0x60, 0x00, 0x00, 0x00,
  0x10, 0x00, 0x00, 0x00, 0x00, 0x00, 0x00, 0x00, 0x08, 0x00, 0x0e, 0x00,
  0x08, 0x00, 0x04, 0x00, 0x08, 0x00, 0x00, 0x00, 0x10, 0x00, 0x00, 0x00,
  0x24, 0x00, 0x00, 0x00, 0x00, 0x00, 0x06, 0x00, 0x08, 0x00, 0x04, 0x00,
  0x06, 0x00, 0x00, 0x00, 0x04, 0x00, 0x00, 0x00, 0x00, 0x00, 0x00, 0x00,
  0x0c, 0x00, 0x18, 0x00, 0x14, 0x00, 0x10, 0x00, 0x0c, 0x00, 0x04, 0x00,
  0x0c, 0x00, 0x00, 0x00, 0xad, 0x78, 0xa0, 0x16, 0x9e, 0x41, 0x55, 0x19,
  0x02, 0x00, 0x00, 0x00, 0x02, 0x00, 0x00, 0x00, 0x04, 0x00, 0x00, 0x00,
  0x06, 0x00, 0x00, 0x00, 0x32, 0x2e, 0x32, 0x30, 0x2e, 0x30, 0x00, 0x00,
  0xaa, 0xa1, 0xff, 0xff, 0x04, 0x00, 0x00, 0x00, 0x10, 0x00, 0x00, 0x00,
  0x31, 0x2e, 0x36, 0x2e, 0x30, 0x00, 0x00, 0x00, 0x00, 0x00, 0x00, 0x00,
  0x00, 0x00, 0x00, 0x00, 0x2c, 0x97, 0xff, 0xff, 0x30, 0x97, 0xff, 0xff,
  0x34, 0x97, 0xff, 0xff, 0x38, 0x97, 0xff, 0xff, 0x3c, 0x97, 0xff, 0xff,
  0x40, 0x97, 0xff, 0xff, 0x44, 0x97, 0xff, 0xff, 0x48, 0x97, 0xff, 0xff,
  0x4c, 0x97, 0xff, 0xff, 0xea, 0xa1, 0xff, 0xff, 0x04, 0x00, 0x00, 0x00,
  0x20, 0x00, 0x00, 0x00, 0xc7, 0xd8, 0x10, 0xbe, 0xc7, 0x0d, 0xf5, 0x3a,
  0x44, 0x2c, 0xac, 0xbd, 0x4e, 0x1b, 0x9c, 0xbd, 0x94, 0xc2, 0xdd, 0xbe,
  0x7e, 0x97, 0xe0, 0x3d, 0x1f, 0x32, 0xc8, 0x3e, 0xc4, 0x67, 0x39, 0xbe,
  0x16, 0xa2, 0xff, 0xff, 0x04, 0x00, 0x00, 0x00, 0x20, 0x01, 0x00, 0x00,
  0xc7, 0x19, 0xcf, 0xbd, 0x66, 0xa2, 0x04, 0x3e, 0x86, 0x30, 0xa8, 0xbe,
  0x51, 0x95, 0x82, 0x3e, 0x3e, 0x05, 0x3a, 0xbe, 0x0a, 0x93, 0xad, 0xbe,
  0x4d, 0x92, 0xf5, 0x3e, 0x36, 0x8e, 0x97, 0x3e, 0x2a, 0x97, 0x9f, 0xbe,
  0x63, 0x1d, 0xa7, 0xbe, 0x44, 0x71, 0x96, 0xbd, 0x64, 0xc5, 0x8e, 0xbe,
  0xd5, 0xeb, 0x85, 0xbc, 0xf5, 0x85, 0x3f, 0x3c, 0xdc, 0x57, 0x8e, 0xbe,
  0xbb, 0xb6, 0xa6, 0x3e, 0xea, 0x71, 0x98, 0x3e, 0x07, 0x23, 0xa5, 0x3e,
  0x30, 0x9a, 0xa7, 0x3e, 0x04, 0xbb, 0x84, 0x3e, 0x36, 0x43, 0x74, 0x3e,
  0x21, 0x34, 0xc2, 0xbe, 0x77, 0x2a, 0x83, 0xbe, 0xdf, 0xdf, 0xcc, 0x3d,
  0xc6, 0xdd, 0x69, 0x3d, 0x9a, 0x62, 0x93, 0xbe, 0x30, 0x4d, 0x01, 0xbe,
  0xb3, 0x0c, 0x8f, 0xbe, 0xcf, 0x1c, 0x33, 0xbd, 0x01, 0x9b, 0xdd, 0x3e,
  0x83, 0x6b, 0x4c, 0xbe, 0x73, 0x0f, 0x19, 0x3e, 0x17, 0x9f, 0x77, 0x3e,
  0x09, 0x9d, 0xc0, 0xbe, 0x47, 0xb4, 0x47, 0xbe, 0xd9, 0x6a, 0x2e, 0x3e,
  0x69, 0x63, 0xa4, 0xbe, 0x7e, 0xe0, 0xb0, 0x3b, 0xad, 0x7a, 0x6b, 0x3d,
  0x57, 0xde, 0x1f, 0xbe, 0xff, 0xde, 0x2a, 0xbe, 0xd8, 0xe1, 0x86, 0x3e,
  0x78, 0xfd, 0x4b, 0xbe, 0x49, 0x86, 0x1a, 0xbe, 0xa8, 0x81, 0xcd, 0x3e,
  0x92, 0xdc, 0xbb, 0xbe, 0x8d, 0x8a, 0x39, 0x3c, 0x53, 0x7b, 0x7e, 0xbd,
  0x57, 0xbe, 0x04, 0x3e, 0x0a, 0x21, 0x95, 0xbe, 0x3b, 0x8e, 0x07, 0x3e,
  0xc6, 0xe7, 0x56, 0x3e, 0x5d, 0x64, 0x88, 0x3e, 0x33, 0x32, 0x73, 0xbc,
  0x14, 0x33, 0x90, 0x3e, 0xd1, 0x5d, 0x15, 0xbb, 0xf1, 0xa1, 0x8c, 0xbe,
  0x97, 0xf5, 0xc7, 0x3e, 0x18, 0xab, 0x27, 0x3e, 0xab, 0x5c, 0x90, 0xbe,
  0xa4, 0x48, 0x62, 0xbe, 0xd8, 0x46, 0x8c, 0x3e, 0xa1, 0x8e, 0x2d, 0xbd,
  0x77, 0xd6, 0x61, 0x3e, 0x8e, 0x7d, 0x55, 0xbe, 0x29, 0xeb, 0xb3, 0xbd,
  0xd9, 0x6c, 0x8f, 0xbc, 0xcd, 0xbd, 0x8c, 0x3d, 0xe2, 0xea, 0xa5, 0xbe,
  0x3b, 0xa3, 0xa8, 0x3d, 0xc8, 0x1d, 0x80, 0xbe, 0x49, 0xc2, 0xa5, 0xbd,
  0x42, 0xa3, 0xff, 0xff, 0x04, 0x00, 0x00, 0x00, 0x08, 0x00, 0x00, 0x00,
  0x01, 0x00, 0x00, 0x00, 0x02, 0x00, 0x00, 0x00, 0x56, 0xa3, 0xff, 0xff,
  0x04, 0x00, 0x00, 0x00, 0x00, 0x01, 0x00, 0x00, 0x4a, 0xb7, 0x7a, 0x3f,
  0x2a, 0xe3, 0x70, 0x3f, 0xa9, 0xa3, 0x61, 0x3f, 0xb5, 0x14, 0x01, 0x3f,
  0x54, 0xe1, 0xb4, 0xbe, 0xb8, 0x98, 0xb8, 0xbf, 0xa9, 0xd1, 0x7f, 0x3f,
  0x0a, 0x24, 0x57, 0x3f, 0x9c, 0xfd, 0x9f, 0x3f, 0x06, 0xe7, 0xc4, 0xbf,
  0x5f, 0x9c, 0x95, 0xbf, 0x3e, 0xe7, 0xaf, 0x3f, 0x1f, 0xfe, 0x5b, 0x3f,
  0x22, 0xfb, 0x58, 0xbe, 0x81, 0x9a, 0x6a, 0x3f, 0x75, 0x04, 0x78, 0x3f,
  0xfe, 0x5e, 0xaf, 0x3f, 0x1e, 0x61, 0x97, 0xbf, 0xad, 0x91, 0x47, 0x3f,
  0xa1, 0x90, 0x38, 0xbf, 0x16, 0xff, 0x5d, 0x3f, 0xef, 0xd8, 0x5a, 0x3f,
  0x0e, 0x6b, 0x53, 0xbf, 0x79, 0x00, 0x32, 0xbf, 0x3b, 0xa0, 0x8f, 0xbf,
  0x33, 0x10, 0x88, 0x3f, 0xc8, 0xae, 0x45, 0x3f, 0x12, 0x3e, 0x9f, 0xbf,
  0x3d, 0x8e, 0x98, 0xbf, 0xf9, 0x23, 0x59, 0x3f, 0xb2, 0x0e, 0x6b, 0x3f,
  0x99, 0xc4, 0xd0, 0xbe, 0xfb, 0xf1, 0x8c, 0xbf, 0x32, 0xc1, 0xfa, 0xbe,
  0xe8, 0x06, 0x11, 0xbf, 0xbf, 0x89, 0x36, 0xbf, 0x58, 0xce, 0x6a, 0x3f,
  0x55, 0x78, 0xba, 0x3f, 0x14, 0x76, 0x79, 0xbf, 0xea, 0xd1, 0x7e, 0xbf,
  0x66, 0x86, 0x8b, 0xbf, 0x0c, 0x5d, 0xa4, 0x3f, 0x37, 0x56, 0x64, 0x3f,
  0xbc, 0x7d, 0xb0, 0xbf, 0x01, 0xb2, 0x2d, 0xbf, 0xc9, 0xd8, 0x6e, 0x3f,
  0x5a, 0x9c, 0x49, 0xbf, 0xde, 0xe1, 0x76, 0xbf, 0x46, 0xd9, 0xb3, 0xbf,
  0x59, 0x0d, 0x45, 0x3f, 0x18, 0xc2, 0xe1, 0xbe, 0xdb, 0xa1, 0x1b, 0x3f,
  0x1a, 0x88, 0x25, 0xbf, 0xdb, 0xb4, 0xaa, 0xbe, 0xfa, 0xd4, 0x9b, 0x3f,
  0xbf, 0xa4, 0x3a, 0x3f, 0x41, 0x53, 0xa2, 0x3f, 0x26, 0x6c, 0xec, 0xbe,
  0x9a, 0xf3, 0x3c, 0xbf, 0x83, 0x35, 0x2a, 0x3f, 0x31, 0xa1, 0x8f, 0x3f,
  0xa5, 0x6b, 0x8c, 0xbe, 0x76, 0x6a, 0xd5, 0xbe, 0x19, 0x07, 0x83, 0x3f,
  0x62, 0xa4, 0xff, 0xff, 0x04, 0x00, 0x00, 0x00, 0x00, 0x12, 0x00, 0x00,
  0x5b, 0x43, 0xd2, 0x3d, 0xeb, 0x47, 0x45, 0x3d, 0xd8, 0xff, 0x33, 0x3e,
  0xb4, 0x1a, 0x9c, 0x3e, 0xcd, 0x4a, 0x12, 0x3e, 0x81, 0x5d, 0x10, 0xbd,
  0x63, 0x74, 0xee, 0xbd, 0x93, 0x9a, 0xa6, 0x3d, 0x1d, 0x02, 0x08, 0x3d,
  0x27, 0x34, 0x0f, 0x3d, 0x24, 0x5d, 0x51, 0xbe, 0xe0, 0x69, 0xcb, 0x3d,
  0xab, 0x01, 0x25, 0x3d, 0x29, 0xd7, 0x62, 0xbb, 0xea, 0x9c, 0x10, 0x3d,
  0x86, 0x8c, 0x00, 0x3d, 0x95, 0x15, 0xf4, 0xbd, 0xa5, 0x3c, 0x3c, 0x3e,
  0xfe, 0x59, 0xc8, 0xbd, 0x1f, 0xf9, 0x81, 0x3e, 0x8d, 0x67, 0x89, 0x3d,
  0xf4, 0xd8, 0x74, 0x3e, 0x3f, 0x32, 0x76, 0x3d, 0x26, 0xcb, 0x08, 0xbe,
  0x9f, 0x40, 0xe8, 0x3d, 0xd1, 0x0f, 0x95, 0x3e, 0xa4, 0xd1, 0x53, 0x3e,
  0x7a, 0x35, 0xc2, 0x3e, 0xc7, 0x96, 0xd4, 0x3d, 0x27, 0xd1, 0x3d, 0x3e,
  0x6e, 0xa6, 0xab, 0xbd, 0x44, 0xb8, 0x48, 0x3e, 0x30, 0xd8, 0x6a, 0xbe,
  0x42, 0x75, 0x01, 0xbe, 0x95, 0xf2, 0xb0, 0xbe, 0x72, 0x5a, 0xfc, 0x3c,
  0x96, 0x34, 0x4e, 0x3b, 0xa1, 0xe9, 0x13, 0x3e, 0x82, 0x1e, 0xef, 0xbd,
  0x71, 0xc6, 0x43, 0xbe, 0x05, 0x4d, 0x68, 0xbe, 0x26, 0x12, 0x74, 0xbe,
  0xee, 0x60, 0xd3, 0xbe, 0xd8, 0x01, 0x5b, 0x3e, 0xda, 0x8a, 0x18, 0x3d,
  0x08, 0x5c, 0x6c, 0x3e, 0xae, 0x93, 0x75, 0x3e, 0x54, 0x82, 0x8c, 0xbe,
  0x88, 0xe2, 0x1a, 0xbd, 0xc8, 0x9c, 0xe7, 0x3d, 0x3b, 0x8b, 0x44, 0x3e,
  0xb0, 0x87, 0xc3, 0x3e, 0xd6, 0xd8, 0x68, 0x3e, 0xe0, 0xeb, 0x44, 0xbd,
  0xdd, 0x44, 0x68, 0xbe, 0x4b, 0xe4, 0xb0, 0x3d, 0x79, 0x43, 0xb0, 0xbe,
  0x7c, 0x28, 0x32, 0xbe, 0x3c, 0xe9, 0x74, 0x3e, 0x4c, 0x86, 0x41, 0x3e,
  0xb3, 0x0e, 0x25, 0x3e, 0xf5, 0x2d, 0x7a, 0xbd, 0xb0, 0x2d, 0x24, 0x3d,
  0x01, 0x93, 0x8d, 0x3d, 0x64, 0x9d, 0x83, 0xbe, 0x33, 0x41, 0xae, 0x3d,
  0xd8, 0xee, 0xac, 0x3d, 0x1a, 0x80, 0xc9, 0x3e, 0x39, 0xa6, 0x87, 0xbd,
  0x4e, 0xe6, 0x00, 0xbe, 0x43, 0x3a, 0x09, 0x3e, 0xc4, 0xcc, 0xdd, 0xbd,
  0x8e, 0x5c, 0x52, 0x3d, 0x7b, 0xdb, 0x63, 0x3e, 0xe5, 0xee, 0xb5, 0xbe,
  0x52, 0x61, 0x3f, 0xbd, 0xad, 0xa3, 0x48, 0xbe, 0x56, 0xe0, 0x8a, 0x3d,
  0x2e, 0x37, 0x90, 0x3c, 0x54, 0x94, 0x99, 0xbd, 0xf5, 0x2c, 0x9d, 0x3d,
  0x44, 0xc4, 0x78, 0x3e, 0xd0, 0x75, 0xe2, 0xbe, 0x3b, 0xdc, 0x48, 0xbe,
  0x89, 0x72, 0xaf, 0xbd, 0xf9, 0x62, 0x01, 0x3e, 0xb4, 0x33, 0x98, 0x3e,
  0x55, 0x66, 0x95, 0xbd, 0xec, 0x22, 0xfd, 0x3b, 0x4d, 0xbb, 0x6b, 0xbd,
  0xb8, 0x13, 0x2f, 0xbe, 0xfc, 0x63, 0x3c, 0xbe, 0x11, 0x98, 0x54, 0xbe,
  0xbd, 0xab, 0xe1, 0x3d, 0x6a, 0x72, 0xd5, 0x3d, 0x14, 0x49, 0x6b, 0xbc,
  0xa0, 0xfe, 0x37, 0xbe, 0x1b, 0xaf, 0xdf, 0xbe, 0xcf, 0x9b, 0xa5, 0x3e,
  0x57, 0x4f, 0x4d, 0x3e, 0x57, 0x1a, 0x08, 0xbe, 0x0d, 0x6f, 0x9a, 0xbe,
  0x99, 0x62, 0x13, 0x3e, 0x23, 0x73, 0x3f, 0x3e, 0xc5, 0x74, 0xc8, 0xbe,
  0xff, 0x90, 0x50, 0xbe, 0x7a, 0x84, 0xdd, 0x3d, 0x82, 0x68, 0xc1, 0x3d,
  0x04, 0xcd, 0x02, 0xbe, 0xfe, 0x68, 0x9a, 0xbe, 0x36, 0x2a, 0x1c, 0x3d,
  0xd1, 0xf1, 0xc5, 0xbd, 0x27, 0x4d, 0xfe, 0xbe, 0x51, 0x45, 0x9a, 0xbe,
  0x56, 0x81, 0x35, 0x3c, 0xc8, 0xbf, 0xb1, 0x3d, 0x94, 0x35, 0xbe, 0x3c,
  0x65, 0x6d, 0x97, 0xbe, 0x09, 0x67, 0x12, 0xbd, 0x2b, 0xe2, 0x05, 0xbe,
  0x43, 0x02, 0x09, 0x3d, 0x19, 0x36, 0x95, 0x3a, 0xac, 0xd0, 0xc2, 0x3e,
  0x0e, 0xcd, 0x0e, 0x3e, 0xd8, 0x88, 0xc1, 0x3d, 0x46, 0x37, 0x2f, 0x3c,
  0x54, 0xf5, 0x8a, 0xbe, 0x1a, 0x7a, 0x8b, 0x3d, 0x62, 0xb9, 0x13, 0x3e,
  0x5c, 0x44, 0x92, 0x3d, 0xfa, 0xc0, 0xc8, 0x3e, 0xca, 0x94, 0xfc, 0x3d,
  0x41, 0xcf, 0xd7, 0x3c, 0xe4, 0x21, 0xd1, 0xbc, 0xf5, 0x9f, 0x03, 0x3d,
  0x44, 0x51, 0x0f, 0x3e, 0xce, 0x55, 0xc0, 0x3d, 0x98, 0x26, 0x32, 0x3e,
  0x05, 0x4a, 0x8c, 0x3e, 0x4f, 0x85, 0x7a, 0xbd, 0x1e, 0xb1, 0x28, 0x3e,
  0x59, 0xab, 0x40, 0xbe, 0x2b, 0xb9, 0x49, 0x3d, 0xab, 0x83, 0x58, 0x3e,
  0x4d, 0x17, 0x11, 0xbe, 0x39, 0xd2, 0x86, 0xbe, 0xe8, 0x2a, 0x07, 0x3d,
  0xfb, 0x18, 0xa4, 0x3e, 0x8f, 0x46, 0x0d, 0xbc, 0xe4, 0x41, 0x9b, 0x3c,
  0xa7, 0x97, 0x98, 0x3d, 0x47, 0x81, 0x60, 0x3d, 0x84, 0xb1, 0x0d, 0x3f,
  0x03, 0x2c, 0xa3, 0xbe, 0xd8, 0x77, 0x24, 0xbe, 0x2f, 0xd3, 0x88, 0xbe,
  0x33, 0x08, 0x45, 0xbe, 0x28, 0xf4, 0xec, 0xbd, 0x36, 0xea, 0x2f, 0x3e,
  0x82, 0xd8, 0xcb, 0x3d, 0xfb, 0x9d, 0xe9, 0xbe, 0xa2, 0x12, 0x3a, 0xbf,
  0x64, 0x28, 0x6d, 0xbb, 0xde, 0xa1, 0xab, 0x3d, 0xaf, 0x79, 0xbb, 0xbd,
  0xda, 0x2b, 0x00, 0x3d, 0xbf, 0xbf, 0x66, 0xbd, 0x72, 0xc4, 0x77, 0x3d,
  0x13, 0x3d, 0x98, 0xbe, 0x54, 0xa9, 0xd7, 0xbe, 0x82, 0xcc, 0x4b, 0xbd,
  0x3b, 0xb8, 0xed, 0x3d, 0x7c, 0x27, 0x2f, 0xbe, 0x3b, 0x7e, 0xa5, 0xbb,
  0x0a, 0x6f, 0xd2, 0xbd, 0xe8, 0xf1, 0xb7, 0xbb, 0x59, 0x73, 0xab, 0x3e,
  0xd8, 0xd0, 0x92, 0xbe, 0x7f, 0x16, 0xd4, 0xbe, 0x97, 0x8e, 0xd1, 0xbe,
  0x0b, 0x7f, 0x81, 0xbe, 0x17, 0x41, 0x5c, 0xbc, 0xfc, 0x16, 0x97, 0x3e,
  0xf6, 0xae, 0xc2, 0x3d, 0x0c, 0x0a, 0xbc, 0xbe, 0x36, 0x1e, 0x14, 0xbf,
  0x8e, 0x8b, 0x80, 0xbe, 0xfe, 0x96, 0x1a, 0x3e, 0xb8, 0x7b, 0xf3, 0xbd,
  0x83, 0x72, 0x3c, 0x3e, 0x93, 0x74, 0x06, 0xbd, 0x3e, 0x46, 0x9a, 0x3c,
  0xd3, 0x2c, 0x37, 0xbe, 0x75, 0x42, 0x76, 0xbd, 0x84, 0x91, 0xf7, 0xbd,
  0xe2, 0x8d, 0x49, 0x3e, 0x45, 0xd5, 0xfc, 0x3b, 0x5b, 0x6c, 0x00, 0xbe,
  0x2a, 0xc8, 0xe0, 0xbe, 0x47, 0x74, 0xf8, 0x3c, 0x0d, 0x77, 0x3b, 0x3d,
  0xff, 0x82, 0x61, 0x3d, 0x29, 0x27, 0x93, 0xbe, 0x88, 0xa1, 0xbc, 0xbe,
  0x5e, 0x7c, 0x9e, 0xbe, 0x19, 0xcb, 0x24, 0x3e, 0xa4, 0x85, 0x04, 0x3e,
  0xc4, 0xe9, 0xe0, 0x3c, 0xd4, 0x2b, 0x36, 0xbc, 0xd0, 0x4d, 0x93, 0x3d,
  0xa0, 0x5c, 0x9e, 0xbd, 0xe4, 0xe1, 0xc3, 0xbd, 0x03, 0xa9, 0x86, 0x3c,
  0xb9, 0xf7, 0xba, 0x3c, 0x3e, 0xf8, 0x1d, 0x3e, 0xdc, 0x48, 0x2f, 0xbd,
  0xd7, 0x6e, 0xa2, 0x3e, 0x7a, 0x97, 0x91, 0x3e, 0x62, 0x2d, 0xf0, 0xbd,
  0x4a, 0x05, 0x09, 0xbf, 0x5c, 0x40, 0xfb, 0x3c, 0xc3, 0xcb, 0x41, 0x3e,
  0xe9, 0x58, 0x4f, 0xbe, 0x89, 0x68, 0x27, 0xbe, 0x2c, 0xb7, 0x2e, 0x3e,
  0x9a, 0x59, 0x8b, 0xbe, 0xd3, 0x61, 0x46, 0x3d, 0xed, 0x27, 0x23, 0xbf,
  0x24, 0x8c, 0xc1, 0x3c, 0x18, 0xe2, 0x5c, 0xbd, 0x81, 0x46, 0xe2, 0xbe,
  0xe3, 0x1c, 0x20, 0xbe, 0xac, 0xb2, 0x04, 0x3e, 0xb2, 0xda, 0x96, 0xbf,
  0x93, 0xfc, 0x11, 0x3e, 0x44, 0xb3, 0x0c, 0xbe, 0xb1, 0x94, 0x14, 0xbe,
  0x2d, 0x0d, 0x01, 0xbf, 0x86, 0xbc, 0xbf, 0xbe, 0x37, 0xbc, 0x5e, 0x3e,
  0xe8, 0x56, 0x8f, 0x3e, 0x5f, 0xba, 0x0b, 0x3e, 0x5d, 0x6d, 0xe8, 0xbe,
  0xbc, 0x1d, 0x9c, 0x3c, 0x77, 0x15, 0x1e, 0xbe, 0x73, 0x55, 0x6a, 0x3e,
  0x09, 0x3d, 0x20, 0x3f, 0xa8, 0xff, 0x72, 0xbc, 0xd0, 0xb4, 0xf4, 0x3e,
  0x84, 0x42, 0x7f, 0xbc, 0xe0, 0x13, 0x8e, 0xbe, 0x8d, 0x70, 0xfd, 0xbe,
  0x8e, 0x07, 0x3a, 0xbe, 0xf6, 0xf5, 0x02, 0x3e, 0x5b, 0x21, 0x69, 0x3e,
  0x85, 0xd5, 0xf0, 0xbd, 0x59, 0xbe, 0xcd, 0x3e, 0x06, 0x92, 0xf2, 0xbe,
  0x6c, 0x74, 0x4d, 0x3d, 0x46, 0x3c, 0x89, 0xbe, 0xcf, 0x0d, 0x0a, 0x3d,
  0x21, 0x42, 0x6c, 0xbe, 0xad, 0x38, 0xa5, 0x3e, 0x62, 0xc2, 0x36, 0x3e,
  0xdb, 0xbc, 0x5e, 0x3e, 0x74, 0xac, 0xef, 0xbd, 0xe6, 0x37, 0x37, 0x3e,
  0xc4, 0xd7, 0x0f, 0x3e, 0xde, 0xba, 0x93, 0xbe, 0xe8, 0x6e, 0x6b, 0xbd,
  0xbc, 0xed, 0x47, 0x3e, 0x60, 0x4a, 0x9c, 0xbc, 0x41, 0x78, 0x5d, 0x3e,
  0x70, 0xa8, 0x7a, 0xbc, 0x9d, 0xf5, 0x8c, 0x3e, 0x87, 0x70, 0x14, 0xbe,
  0x5d, 0xb9, 0xc0, 0xbd, 0x30, 0xb7, 0x3b, 0xbe, 0x1b, 0x3d, 0x88, 0x3d,
  0x87, 0xb5, 0x6e, 0x3e, 0x6d, 0x64, 0x94, 0x3e, 0x92, 0xbc, 0xc0, 0xbd,
  0x96, 0x9d, 0x25, 0x3f, 0xc1, 0x30, 0x00, 0x3e, 0xdb, 0xc6, 0x8e, 0x3e,
  0x60, 0x7d, 0xeb, 0x3c, 0x4a, 0x7f, 0x7f, 0xbe, 0x16, 0xd8, 0xbd, 0x3e,
  0x55, 0x43, 0x91, 0xbd, 0xb1, 0x9d, 0x2e, 0x3e, 0x9d, 0x30, 0xb5, 0x3e,
  0x1b, 0x90, 0x87, 0x3e, 0x2d, 0x07, 0x79, 0x3d, 0x4c, 0xf6, 0xfd, 0xbd,
  0x95, 0xed, 0xe9, 0x3d, 0x9f, 0x04, 0xcf, 0xbd, 0xb7, 0xac, 0x47, 0x3e,
  0xa0, 0x64, 0xd1, 0x3e, 0xff, 0xec, 0x2b, 0xbe, 0x5d, 0x44, 0xc4, 0xbd,
  0x66, 0xe3, 0x42, 0xbe, 0xbd, 0xec, 0x44, 0x3d, 0x83, 0x5d, 0x9c, 0x3c,
  0x85, 0x5b, 0xc6, 0x3d, 0x9e, 0x10, 0x4a, 0x3e, 0x6c, 0x58, 0xd2, 0x3d,
  0x78, 0x4a, 0xb5, 0x3d, 0x4a, 0x6b, 0x14, 0xbe, 0x49, 0x3e, 0x51, 0xbb,
  0xe6, 0x6c, 0x6d, 0x3e, 0xcb, 0x00, 0x92, 0x3c, 0x5e, 0xd3, 0xe0, 0xba,
  0xda, 0x16, 0x98, 0xbe, 0xf2, 0x15, 0x84, 0xbe, 0xce, 0x69, 0x60, 0x3e,
  0xa1, 0x70, 0xef, 0x3e, 0x28, 0x4a, 0xeb, 0x3d, 0xb1, 0xd6, 0x46, 0xbe,
  0x5c, 0x79, 0x8f, 0xbd, 0x17, 0xdf, 0x12, 0xbc, 0x56, 0x52, 0x68, 0x3e,
  0x98, 0x21, 0x16, 0x3d, 0x6d, 0x31, 0xbd, 0x3d, 0x95, 0x48, 0x79, 0x3e,
  0x4d, 0x9a, 0xd7, 0xbd, 0x83, 0x63, 0x51, 0xbe, 0x67, 0x75, 0xbe, 0xbc,
  0x36, 0x6f, 0x9c, 0xbb, 0x99, 0xdd, 0x64, 0x3e, 0x90, 0x77, 0x04, 0xba,
  0x07, 0xaa, 0x72, 0xbd, 0x04, 0xb8, 0x40, 0xbe, 0x15, 0x9e, 0x3a, 0xbe,
  0x07, 0x77, 0xf5, 0xbd, 0x36, 0x07, 0x57, 0xbc, 0x1a, 0x62, 0x88, 0x3d,
  0x1b, 0xde, 0x8a, 0xbe, 0x3d, 0x46, 0x9b, 0x3d, 0x29, 0x90, 0x97, 0x3d,
  0xdd, 0x48, 0xc7, 0x3e, 0x6f, 0x3e, 0x35, 0x3e, 0x9e, 0x7b, 0x6e, 0x3e,
  0x20, 0x1b, 0x89, 0xbd, 0xc8, 0x3b, 0xfd, 0xbd, 0x0c, 0xc0, 0x08, 0xbe,
  0x83, 0x8d, 0x0c, 0xbf, 0x23, 0xaa, 0xd2, 0x3d, 0xbb, 0xec, 0x96, 0x3d,
  0xd8, 0xf7, 0x20, 0x3e, 0x09, 0x94, 0xd8, 0xbd, 0x2b, 0xef, 0x09, 0xbd,
  0xdb, 0x5d, 0xac, 0xbc, 0x64, 0x41, 0x76, 0x3e, 0x40, 0x0d, 0x49, 0xbd,
  0x10, 0x77, 0xb3, 0xbe, 0x31, 0x11, 0xf6, 0xbe, 0x97, 0x8b, 0x2d, 0xbe,
  0xaa, 0xeb, 0xb3, 0xbc, 0x7f, 0x2e, 0x30, 0x3e, 0xb5, 0xd4, 0x73, 0xbd,
  0xe5, 0xb3, 0x4c, 0xbe, 0xe9, 0x30, 0xb2, 0xbf, 0xd3, 0xff, 0x28, 0x3e,
  0xe0, 0x02, 0x3c, 0x3f, 0xee, 0xa5, 0xab, 0x3e, 0x05, 0xc3, 0x07, 0xbf,
  0xd5, 0x2f, 0x97, 0xbc, 0x49, 0xf9, 0x24, 0x3d, 0xfd, 0x0c, 0xb4, 0xbd,
  0x6b, 0xb5, 0x6a, 0xbf, 0xb7, 0x8c, 0xad, 0x3d, 0x79, 0x39, 0x03, 0xbe,
  0xa3, 0xb5, 0x81, 0x3e, 0x19, 0xab, 0x83, 0xbf, 0xf4, 0xdc, 0x97, 0xbd,
  0x74, 0x33, 0xaa, 0xbc, 0x19, 0x14, 0x42, 0x3e, 0x4c, 0x45, 0x23, 0xbf,
  0xb4, 0xc3, 0x91, 0x3e, 0xc0, 0x48, 0x49, 0xbe, 0x46, 0xf2, 0x72, 0x3e,
  0x27, 0xae, 0x4e, 0xbf, 0x87, 0x38, 0x20, 0xbd, 0x5f, 0x5d, 0x38, 0x3e,
  0xc8, 0xb9, 0xcc, 0x3d, 0xc4, 0xd7, 0x86, 0x3b, 0x08, 0x52, 0xbb, 0x3e,
  0x19, 0x0d, 0x2d, 0x3e, 0x16, 0xe4, 0x85, 0x3e, 0xce, 0x69, 0xef, 0xbc,
  0x7a, 0x24, 0xe6, 0x3d, 0x16, 0x25, 0xbe, 0x3d, 0x0d, 0xed, 0x9a, 0x3e,
  0x9e, 0xf3, 0xff, 0xbc, 0x11, 0x29, 0x88, 0x3e, 0x4b, 0x25, 0x2b, 0xbe,
  0x63, 0x8e, 0x76, 0x3d, 0x9f, 0x10, 0xf7, 0x3d, 0xb7, 0xfa, 0x90, 0x3e,
  0xb6, 0x71, 0xcd, 0x3d, 0x17, 0x9b, 0x2f, 0x3d, 0x3b, 0x51, 0x96, 0xbe,
  0x81, 0x37, 0x87, 0xbd, 0x66, 0x1f, 0x21, 0xbe, 0xb2, 0x9a, 0x75, 0x3e,
  0x7c, 0x2d, 0x4b, 0xbd, 0xb3, 0xc6, 0x4c, 0x3e, 0x2c, 0x69, 0x0d, 0x3e,
  0xab, 0x1f, 0x99, 0x3e, 0xc3, 0xe7, 0xaf, 0x3d, 0x11, 0x70, 0x74, 0xbf,
  0xc1, 0xf1, 0x73, 0xbe, 0x0c, 0xf6, 0xa2, 0x3e, 0x0c, 0xf1, 0x78, 0x3e,
  0x74, 0x7d, 0x7f, 0x3d, 0x61, 0x96, 0x32, 0xbd, 0x6e, 0x46, 0xaf, 0x3d,
  0xfc, 0x1d, 0x34, 0xbe, 0xf8, 0xd6, 0x6d, 0xbf, 0xf3, 0xcd, 0x0a, 0xbf,
  0x31, 0x79, 0x1b, 0x3e, 0x70, 0x18, 0x3d, 0xbe, 0xef, 0x50, 0xa3, 0xbd,
  0xf2, 0x72, 0xa5, 0x3c, 0x3f, 0xa3, 0x67, 0x3e, 0xa4, 0x56, 0x6e, 0xbe,
  0x5b, 0x0c, 0x11, 0xbf, 0xb1, 0xb0, 0xa7, 0xbe, 0xf9, 0x2b, 0xa4, 0xbd,
  0xc7, 0xce, 0x04, 0xbe, 0xf9, 0x8d, 0xd6, 0x3e, 0xbc, 0xe8, 0x7b, 0x3e,
  0xc3, 0xf1, 0xc3, 0xbd, 0xa9, 0x9e, 0x9e, 0xbe, 0x26, 0x3c, 0x24, 0xbe,
  0x9a, 0x9c, 0x29, 0x3e, 0xbe, 0x74, 0xcb, 0x3c, 0xfa, 0x45, 0x26, 0xbe,
  0xc1, 0x03, 0x83, 0xbe, 0xaa, 0x60, 0x3a, 0xbe, 0x89, 0x8e, 0x3c, 0x3e,
  0xda, 0xc5, 0xf9, 0x3d, 0x92, 0xb2, 0x1d, 0x3c, 0x42, 0xf7, 0x29, 0x3e,
  0x11, 0xc5, 0x9f, 0x3e, 0xb8, 0x72, 0xc3, 0x3d, 0x2f, 0xf9, 0x09, 0x3e,
  0x8e, 0x77, 0x2a, 0x3e, 0x6c, 0x7b, 0xe0, 0x3e, 0x85, 0x66, 0x21, 0x3e,
  0xe4, 0x48, 0xaa, 0x3e, 0x4b, 0x30, 0xfc, 0x3e, 0x57, 0x38, 0xa6, 0x3e,
  0xed, 0x08, 0x09, 0x3e, 0xce, 0x53, 0x4c, 0xbc, 0x22, 0x5e, 0xc4, 0x3d,
  0x3d, 0x60, 0x19, 0xbe, 0xcd, 0xdb, 0xd6, 0x3d, 0x12, 0x65, 0x9d, 0x3e,
  0xf4, 0x83, 0xa5, 0x3e, 0x8f, 0xf0, 0x1b, 0x3e, 0x75, 0x17, 0xbb, 0x3d,
  0xb4, 0xfd, 0xb7, 0xbe, 0x4b, 0xfa, 0x25, 0xbe, 0x52, 0x1f, 0xa3, 0x3d,
  0x05, 0xbb, 0x1f, 0xbe, 0x94, 0x9f, 0x2f, 0x3e, 0x84, 0xd1, 0xe6, 0x3e,
  0x46, 0x41, 0xf9, 0x3d, 0xfb, 0x54, 0x35, 0x3e, 0x19, 0x4c, 0xf8, 0x3d,
  0x4b, 0xff, 0xa3, 0xbd, 0xfc, 0xa3, 0xf1, 0x3d, 0x16, 0xad, 0x50, 0xbe,
  0xd4, 0x1a, 0x07, 0x3d, 0x65, 0x4f, 0x8e, 0x3d, 0x6a, 0xbb, 0x11, 0x3e,
  0x37, 0x85, 0xb3, 0xbc, 0x64, 0x72, 0x2b, 0x3e, 0x53, 0x47, 0x62, 0xbd,
  0xcf, 0x08, 0xaf, 0xbe, 0x4c, 0x91, 0x51, 0xbf, 0xf8, 0xb4, 0x0b, 0xbf,
  0x82, 0x8d, 0x98, 0xbe, 0x20, 0x21, 0x5e, 0xbd, 0x94, 0x02, 0xed, 0xbe,
  0xb1, 0x13, 0xf4, 0xbe, 0x60, 0x3c, 0x5e, 0xbe, 0x2e, 0xb5, 0x7c, 0x3d,
  0xe8, 0x59, 0xd2, 0xbd, 0x68, 0xde, 0xed, 0xbe, 0x91, 0x2b, 0xd0, 0x3d,
  0x39, 0x0f, 0x8d, 0xbd, 0x09, 0xf8, 0xc2, 0x3c, 0x0a, 0xa0, 0x5f, 0xbe,
  0x45, 0x1a, 0xe2, 0xbd, 0x34, 0x6c, 0xc0, 0x3e, 0xa4, 0x48, 0x87, 0x3d,
  0x68, 0x87, 0xd7, 0xbd, 0x04, 0x0b, 0x50, 0x3e, 0x0f, 0xa3, 0x17, 0xbe,
  0x09, 0x32, 0x00, 0xbd, 0x79, 0xff, 0x7e, 0xbe, 0x8d, 0xf5, 0x05, 0xbc,
  0x59, 0x0b, 0x52, 0x3e, 0x4e, 0x88, 0xdf, 0xbd, 0x7a, 0x3c, 0x0c, 0xbd,
  0x49, 0xc2, 0xab, 0x3e, 0xe7, 0xba, 0x13, 0x3e, 0x08, 0x59, 0x9f, 0xbe,
  0xe9, 0xaf, 0xde, 0x3d, 0x6e, 0x30, 0x3e, 0xbd, 0xa2, 0x63, 0xc7, 0x3e,
  0xea, 0xc8, 0x24, 0x3e, 0xf1, 0x74, 0xaa, 0xbe, 0x6e, 0x25, 0x80, 0xbe,
  0x71, 0xfe, 0x7d, 0x3c, 0xf3, 0x2f, 0xd6, 0x3d, 0x45, 0x68, 0x05, 0xbe,
  0x6a, 0xc7, 0x15, 0xbe, 0x55, 0x79, 0x20, 0xbd, 0xd7, 0xd6, 0x55, 0x3d,
  0xc8, 0x7c, 0x42, 0xbd, 0x58, 0xd8, 0x23, 0x3e, 0x2c, 0xcd, 0x58, 0x3e,
  0x2a, 0xb5, 0x63, 0x3e, 0xdf, 0x2e, 0xaa, 0xbe, 0x0f, 0x06, 0x07, 0xbe,
  0xe9, 0x81, 0xe7, 0xbe, 0x53, 0x56, 0x46, 0xbe, 0x07, 0x45, 0x27, 0x3d,
  0x24, 0xbe, 0xf1, 0x3e, 0x86, 0xf4, 0x48, 0x3e, 0xee, 0x02, 0x08, 0xbe,
  0xcd, 0xff, 0xd7, 0x3e, 0xa6, 0xb7, 0x62, 0x3c, 0x71, 0x22, 0x9b, 0x3d,
  0x5f, 0xe5, 0xbe, 0x3d, 0xa8, 0x53, 0xb4, 0xbd, 0xa0, 0xb0, 0x43, 0xbd,
  0xf0, 0x93, 0x20, 0xbd, 0xc9, 0xcb, 0x4c, 0xbe, 0xd4, 0x1e, 0x0d, 0x3e,
  0x65, 0xd9, 0xee, 0xbd, 0x48, 0x6c, 0xb2, 0xbd, 0xb7, 0x46, 0xab, 0xbd,
  0x90, 0x91, 0xb1, 0x3e, 0xa2, 0x80, 0x5b, 0x3e, 0x23, 0x93, 0x27, 0x3d,
  0xe9, 0xfd, 0x81, 0xbc, 0xa0, 0x72, 0x9e, 0xbe, 0xf0, 0xba, 0x41, 0xbc,
  0xf3, 0xf0, 0x9e, 0xbd, 0x3f, 0xe7, 0x46, 0xbe, 0x49, 0xf5, 0x1b, 0x3e,
  0xd0, 0xdf, 0xf4, 0x3e, 0x49, 0x16, 0x67, 0x3e, 0xdb, 0x88, 0x67, 0xbd,
  0x06, 0xe7, 0x4d, 0x3e, 0x08, 0x16, 0xb5, 0x3b, 0xf2, 0xca, 0xb5, 0xbd,
  0x3c, 0xc6, 0x1d, 0xbe, 0x1d, 0xbd, 0x1f, 0x3e, 0x14, 0xfa, 0xbe, 0xb9,
  0x4d, 0xf7, 0x49, 0x3c, 0xc3, 0xa9, 0x2b, 0xbd, 0xc6, 0x71, 0x10, 0x3c,
  0xd0, 0xec, 0xc4, 0xbd, 0x6c, 0x28, 0xc6, 0xbe, 0xca, 0x16, 0x2f, 0xbe,
  0xd4, 0x23, 0x0b, 0x3e, 0xfb, 0x8d, 0x97, 0x3e, 0x02, 0x77, 0x2a, 0x3e,
  0x95, 0x75, 0x0d, 0xbc, 0x2f, 0x2a, 0xc6, 0xbe, 0x29, 0xd6, 0x5c, 0x3d,
  0x25, 0x3e, 0x46, 0x3e, 0x40, 0x66, 0x7c, 0x3e, 0xc2, 0x94, 0x94, 0xbe,
  0xb8, 0xda, 0x15, 0x3e, 0xe2, 0xed, 0x07, 0x3e, 0xc6, 0x36, 0x92, 0x3d,
  0xbe, 0xdb, 0x8e, 0x3d, 0xc0, 0x77, 0xb2, 0x3d, 0x79, 0x68, 0x09, 0x3e,
  0x9b, 0x1c, 0x8d, 0x3e, 0xbd, 0x4c, 0xfc, 0xbe, 0x80, 0x28, 0xf9, 0xbe,
  0x36, 0x9a, 0x0f, 0x3e, 0x94, 0xb5, 0x8a, 0x3d, 0xc0, 0xc2, 0x64, 0xbe,
  0x98, 0x81, 0xd9, 0xbd, 0x06, 0x7b, 0xbe, 0x3d, 0x1e, 0xca, 0xe4, 0x3e,
  0x77, 0x01, 0xe4, 0xbe, 0xde, 0x26, 0x3c, 0xbd, 0xa7, 0x56, 0x17, 0x3e,
  0x4e, 0xbe, 0x4f, 0x3e, 0x82, 0xef, 0xce, 0xbe, 0x41, 0x84, 0xe3, 0xbd,
  0xe8, 0x6b, 0x5c, 0x3e, 0x0e, 0x95, 0xa9, 0x3e, 0x6c, 0xf4, 0x31, 0xbe,
  0xfc, 0xdc, 0x52, 0x3d, 0x6b, 0x94, 0xa1, 0x3c, 0x1c, 0x87, 0xd9, 0x3d,
  0x9a, 0x85, 0x37, 0xbd, 0x62, 0x4e, 0x1d, 0xbe, 0x75, 0x3e, 0x20, 0xbd,
  0x1a, 0x9d, 0x20, 0x3e, 0xf0, 0xbc, 0x91, 0xbd, 0xdc, 0xfa, 0x80, 0x3e,
  0xab, 0x93, 0x0e, 0xbe, 0xb7, 0x3f, 0xde, 0xbd, 0x2f, 0x55, 0x86, 0xbe,
  0x07, 0xdc, 0xf5, 0xbd, 0x1a, 0xb4, 0x42, 0x3c, 0xf9, 0x08, 0x68, 0x3e,
  0x57, 0x0d, 0xdc, 0xbd, 0xbd, 0x3e, 0x7d, 0x3e, 0xb2, 0x95, 0xa5, 0xbc,
  0x92, 0x04, 0x57, 0xbe, 0xe9, 0xc7, 0x0f, 0xbd, 0x98, 0x46, 0xd2, 0x3c,
  0x33, 0x73, 0x98, 0x3e, 0xa7, 0x11, 0x4c, 0xbe, 0x9e, 0xa4, 0x85, 0xbd,
  0x86, 0x8c, 0xae, 0xbc, 0x5f, 0xb5, 0x05, 0xbe, 0x00, 0x74, 0x0b, 0x3d,
  0x1d, 0x89, 0x28, 0x3e, 0xb1, 0x48, 0x99, 0x3c, 0x5b, 0x5d, 0x43, 0xbd,
  0x70, 0x68, 0x9d, 0xbe, 0x0c, 0x85, 0xba, 0x3e, 0x77, 0x85, 0x31, 0x3d,
  0x68, 0x8d, 0xe4, 0x3d, 0xdc, 0x84, 0x9a, 0xbe, 0x21, 0x93, 0x74, 0xbd,
  0xfa, 0xda, 0xa7, 0x3d, 0x69, 0xaf, 0x65, 0x3e, 0x23, 0x73, 0x90, 0xbe,
  0xc1, 0x13, 0x36, 0x3e, 0xe4, 0x06, 0xb9, 0x3d, 0x47, 0x6e, 0xc2, 0xbd,
  0x27, 0x0b, 0x0c, 0xbe, 0xcf, 0xa7, 0xd4, 0x3d, 0x7d, 0x1b, 0xbb, 0xbd,
  0xbb, 0x14, 0xa7, 0xbe, 0x34, 0x9b, 0x0f, 0x3c, 0x78, 0x49, 0xd1, 0x3d,
  0xb6, 0xe2, 0xd0, 0x3e, 0x1c, 0xfb, 0x86, 0x3e, 0x8d, 0x60, 0xea, 0xbd,
  0xaa, 0x49, 0x98, 0x3e, 0x4f, 0xb0, 0xd8, 0x3d, 0x55, 0xe0, 0x34, 0x3e,
  0x24, 0xd4, 0x1d, 0xbd, 0xcf, 0x8e, 0xac, 0x3d, 0x93, 0x7e, 0xb1, 0xbe,
  0x60, 0x22, 0xca, 0xbd, 0xac, 0xed, 0xf9, 0x3d, 0x98, 0xf3, 0xc6, 0xbd,
  0xef, 0xce, 0xa8, 0xbc, 0x17, 0x07, 0x50, 0xbe, 0xec, 0xe9, 0xe1, 0xbd,
  0xc3, 0xfe, 0x19, 0x3d, 0x84, 0x76, 0x3e, 0x3e, 0x66, 0xfe, 0x66, 0x3e,
  0xc3, 0x43, 0xd8, 0xbd, 0xfd, 0x48, 0x8e, 0x3d, 0xdd, 0x00, 0xd7, 0x3d,
  0xea, 0x4c, 0xdd, 0xbe, 0xbc, 0xad, 0x64, 0xbe, 0xef, 0xfa, 0x83, 0xbd,
  0xae, 0xb1, 0xee, 0x3e, 0x37, 0x2b, 0x83, 0x3e, 0x92, 0xc9, 0x10, 0x3e,
  0xd4, 0xfa, 0x82, 0xbd, 0x18, 0xc4, 0x52, 0xbc, 0x01, 0x53, 0xe2, 0xbd,
  0x8a, 0x1b, 0xed, 0xbd, 0x26, 0x89, 0x97, 0xbe, 0x39, 0x85, 0xa7, 0xbe,
  0xab, 0xd4, 0x98, 0x3d, 0xda, 0xe6, 0x34, 0xbe, 0xf7, 0x64, 0x91, 0xbe,
  0x1b, 0x79, 0x8e, 0xbc, 0xb5, 0x25, 0x92, 0xbe, 0xd7, 0x72, 0xa1, 0xbe,
  0x65, 0x39, 0xcd, 0xbd, 0x9a, 0x5b, 0xd4, 0x3d, 0x72, 0x90, 0x12, 0xbc,
  0xf2, 0x4a, 0x00, 0x3d, 0x4a, 0x05, 0x3a, 0x3e, 0xfc, 0x7b, 0xe0, 0x3d,
  0xe8, 0xde, 0x8f, 0xbe, 0xce, 0x67, 0x1a, 0x3e, 0x5f, 0x8d, 0x67, 0xbe,
  0xca, 0x61, 0x86, 0x3e, 0x7a, 0x42, 0xa4, 0x3d, 0x6b, 0xfd, 0xb8, 0x3d,
  0xdd, 0xe2, 0xc7, 0xbd, 0xdd, 0xb2, 0x1e, 0xbe, 0x14, 0x79, 0x0d, 0xbc,
  0x12, 0xc6, 0x64, 0xbe, 0xc6, 0x89, 0x10, 0xbe, 0x18, 0xae, 0x81, 0xbe,
  0x2f, 0xc2, 0x5e, 0xbe, 0xb9, 0x9a, 0x02, 0xbe, 0xe8, 0x25, 0xb0, 0xbe,
  0xf3, 0x1c, 0xa3, 0x3d, 0x18, 0xd6, 0x08, 0xbe, 0x8e, 0x26, 0x54, 0xbe,
  0xa9, 0xa1, 0x54, 0xbe, 0x32, 0x35, 0xe7, 0x3d, 0x0b, 0x61, 0x1f, 0xbd,
  0x35, 0x30, 0x9e, 0xbd, 0x24, 0x78, 0x3a, 0x3e, 0x48, 0xd7, 0x7a, 0x3d,
  0x6b, 0x2b, 0xd9, 0x3e, 0x5c, 0xae, 0x37, 0x3f, 0x72, 0x93, 0x69, 0x3f,
  0x17, 0x52, 0x7c, 0xbe, 0xdb, 0xc4, 0x83, 0xbd, 0x16, 0x2f, 0x26, 0x3e,
  0x7e, 0x1f, 0xb7, 0xbe, 0x21, 0x14, 0xa1, 0x3b, 0xf5, 0x12, 0x43, 0x3f,
  0xe2, 0x22, 0x1e, 0x3f, 0x09, 0x75, 0x2f, 0x3f, 0x43, 0x7f, 0x2c, 0x3e,
  0xd0, 0xa9, 0x87, 0x3e, 0x6b, 0x39, 0xd9, 0x3d, 0x91, 0xf8, 0x0e, 0xbf,
  0xc6, 0x30, 0xd9, 0x3d, 0x00, 0xcb, 0xaf, 0x3e, 0xe9, 0x1c, 0x59, 0x3e,
  0x61, 0xc5, 0xef, 0x3e, 0xbe, 0x9b, 0xb8, 0xbd, 0x5b, 0x3d, 0xa4, 0x3d,
  0xf7, 0xb3, 0x2f, 0x3e, 0x46, 0x20, 0xd5, 0xbe, 0x1c, 0xdc, 0x89, 0xbd,
  0xc9, 0xaa, 0xef, 0xbd, 0xcb, 0x5f, 0x5f, 0x3e, 0xc0, 0xad, 0xf8, 0xbe,
  0x9d, 0x7b, 0x74, 0xbe, 0x0d, 0x32, 0xdc, 0xbd, 0xdd, 0x04, 0x14, 0x3e,
  0x7e, 0x90, 0x1e, 0x3f, 0xe4, 0xab, 0x43, 0x3d, 0x37, 0xb4, 0xa8, 0x3d,
  0xc0, 0x69, 0x59, 0x3e, 0xd5, 0x4f, 0x30, 0xbe, 0xbc, 0x62, 0x82, 0x3b,
  0xfa, 0xce, 0xcc, 0xbd, 0x58, 0x0e, 0x77, 0xbd, 0xd4, 0xec, 0x86, 0x3e,
  0x01, 0x75, 0xa8, 0x3c, 0x5f, 0x75, 0x58, 0xbe, 0xf2, 0x3b, 0x59, 0x3e,
  0x99, 0x8c, 0xf8, 0xbe, 0x66, 0xa2, 0x0c, 0xbe, 0x2d, 0x6f, 0xb7, 0x3d,
  0x24, 0x09, 0xa7, 0xbb, 0x26, 0xf4, 0xf7, 0x3e, 0x5f, 0x12, 0xd6, 0xbd,
  0x26, 0x27, 0x27, 0x3e, 0xb8, 0xaf, 0x9f, 0x3e, 0xef, 0x7c, 0x60, 0xbf,
  0xc2, 0x67, 0x27, 0xbf, 0xdb, 0x52, 0xb6, 0xbe, 0x56, 0x10, 0x91, 0x3e,
  0x62, 0xc3, 0xc4, 0xbd, 0x28, 0x7f, 0x75, 0x3d, 0xcd, 0x51, 0x4a, 0x3e,
  0xec, 0x54, 0x9c, 0xbd, 0x9d, 0x46, 0x20, 0xbe, 0x0d, 0xe5, 0x8d, 0x3d,
  0xfc, 0xad, 0x18, 0x3e, 0x1e, 0x75, 0x51, 0x3e, 0xa1, 0xec, 0x8c, 0xbe,
  0xb6, 0x76, 0x52, 0x3d, 0x08, 0x50, 0x42, 0xbd, 0x51, 0xc4, 0xec, 0xbd,
  0x20, 0x40, 0x20, 0xbf, 0xe3, 0x14, 0x1f, 0xbd, 0x90, 0xa0, 0x15, 0xbe,
  0xe7, 0xec, 0x45, 0x3e, 0x6f, 0xff, 0xd2, 0xbd, 0xa8, 0x40, 0x61, 0xbe,
  0x05, 0x09, 0x94, 0x3e, 0x44, 0x4f, 0x02, 0xbf, 0x8d, 0xe1, 0x4e, 0xbf,
  0x23, 0x76, 0x6d, 0xbf, 0x9b, 0xaa, 0x8f, 0xbe, 0x32, 0x8c, 0xdd, 0xbd,
  0x8e, 0x31, 0x12, 0x3c, 0x6d, 0xd1, 0xc6, 0xbc, 0x9b, 0xa2, 0x78, 0x3e,
  0x99, 0xb5, 0x64, 0xbf, 0x82, 0x4b, 0x82, 0xbe, 0xa6, 0xce, 0xdc, 0xbc,
  0x44, 0x82, 0x15, 0x3e, 0x2e, 0xd7, 0x18, 0xbb, 0xaa, 0xc0, 0x94, 0xbe,
  0x33, 0x37, 0x78, 0x3b, 0xdc, 0xc0, 0x09, 0x3e, 0x96, 0x8c, 0x6f, 0xbf,
  0x71, 0x3f, 0xe7, 0xbe, 0x34, 0x33, 0x0a, 0x3e, 0xd1, 0xce, 0xb1, 0xbd,
  0x81, 0x47, 0x86, 0x3d, 0xaf, 0x53, 0xd8, 0xbe, 0x58, 0xa9, 0xb9, 0xbd,
  0x78, 0xac, 0xb1, 0x37, 0x00, 0x86, 0xe5, 0xbe, 0xb2, 0x9b, 0x39, 0xbe,
  0x75, 0xed, 0x4c, 0xbf, 0x91, 0x9b, 0xa2, 0xbe, 0x17, 0x8f, 0x86, 0xbe,
  0x36, 0x90, 0x87, 0x3d, 0x18, 0x26, 0xad, 0xbd, 0xd9, 0x19, 0x62, 0x3e,
  0x1f, 0x26, 0x2e, 0xbe, 0x72, 0xe3, 0xa7, 0x3e, 0x87, 0x0d, 0x0b, 0x3d,
  0x52, 0x1f, 0x10, 0x3e, 0xbb, 0xbd, 0xef, 0xbc, 0xc3, 0x02, 0x47, 0x3e,
  0x18, 0x5d, 0x1f, 0x3e, 0xba, 0xf8, 0x96, 0x3e, 0xd7, 0x4b, 0xdb, 0xbe,
  0x1a, 0x6f, 0x3f, 0x3e, 0x67, 0xc5, 0xdd, 0x3e, 0x64, 0xbd, 0xa4, 0x3b,
  0x40, 0x21, 0xed, 0x3d, 0x92, 0x2f, 0xa4, 0xbe, 0xd9, 0xdb, 0x0c, 0x3d,
  0xb0, 0xe1, 0x4d, 0xbd, 0xd1, 0x94, 0x37, 0xbf, 0xfb, 0x72, 0xac, 0xbe,
  0x1b, 0x9e, 0x81, 0xbf, 0xdd, 0xf2, 0xda, 0xbe, 0xc3, 0xa9, 0x70, 0xbe,
  0xd1, 0x62, 0xa0, 0x3a, 0x57, 0x1a, 0x13, 0xbe, 0xce, 0x01, 0xd3, 0x3d,
  0xa1, 0x05, 0x57, 0xbe, 0x00, 0xe0, 0x31, 0xbe, 0x3d, 0x23, 0xb4, 0x3e,
  0x81, 0x53, 0xf6, 0x3d, 0x57, 0xb8, 0xa0, 0xbc, 0x92, 0x37, 0x89, 0x3c,
  0x40, 0xad, 0x3f, 0x3d, 0x24, 0xdb, 0x31, 0x3e, 0x5f, 0xd7, 0xc7, 0xbd,
  0x25, 0x0a, 0x5f, 0xbe, 0xac, 0x09, 0xa7, 0x3e, 0xe3, 0x21, 0x58, 0x3d,
  0x5c, 0xc8, 0x1e, 0xbe, 0x1a, 0xf6, 0x31, 0x3f, 0xb9, 0xc5, 0x29, 0xbe,
  0x9c, 0x87, 0x44, 0xbe, 0x34, 0x34, 0x65, 0xbd, 0xfb, 0xb4, 0x89, 0x3e,
  0x18, 0xab, 0x89, 0x3c, 0x1e, 0xac, 0x0e, 0xbd, 0x7c, 0x1b, 0xb9, 0xbd,
  0x76, 0x2f, 0xf3, 0xbd, 0x84, 0x82, 0x46, 0x3b, 0x74, 0xbb, 0xc1, 0xbc,
  0x37, 0xa8, 0xbd, 0xbd, 0x52, 0x9a, 0xda, 0x3d, 0x2c, 0xe8, 0x49, 0xbe,
  0x54, 0x7a, 0x16, 0xbe, 0xd8, 0x8f, 0xfb, 0xbc, 0x9f, 0x02, 0x11, 0xbd,
  0x33, 0x5b, 0xc9, 0x3d, 0xfc, 0xc1, 0xd7, 0x3e, 0xce, 0xfc, 0x0b, 0xbe,
  0xde, 0x01, 0x44, 0x3e, 0x64, 0xda, 0x8d, 0xbe, 0x3a, 0x24, 0x5e, 0x3d,
  0x2c, 0x9e, 0xde, 0xbd, 0x43, 0x00, 0x83, 0x3d, 0x3f, 0x0f, 0x8d, 0x3d,
  0x82, 0x0e, 0x95, 0xbe, 0xc4, 0xf5, 0x98, 0xbe, 0x69, 0x2b, 0xf8, 0xbd,
  0xf5, 0x1e, 0x45, 0x3e, 0x70, 0x03, 0x36, 0x3e, 0xd5, 0x4b, 0x1d, 0xbe,
  0x5a, 0x90, 0xf6, 0x3b, 0x51, 0xc8, 0x08, 0x3e, 0xe7, 0x55, 0xeb, 0xbd,
  0x13, 0x4d, 0x5b, 0xbe, 0xce, 0x1b, 0x9e, 0xbe, 0x4a, 0x04, 0x13, 0x3e,
  0x9d, 0x3d, 0x2b, 0xbe, 0x37, 0x22, 0xf3, 0xbd, 0xdf, 0xfb, 0x73, 0xbd,
  0x43, 0x87, 0x74, 0xbd, 0xe1, 0xf7, 0xcb, 0x3e, 0x87, 0xcb, 0xde, 0x3d,
  0x50, 0xfb, 0xc1, 0xbe, 0xf9, 0x1e, 0xb1, 0xbe, 0xa0, 0xcc, 0xa8, 0xbd,
  0xcf, 0xa7, 0xce, 0xbd, 0x39, 0x67, 0x76, 0x3c, 0x0b, 0x6f, 0xfd, 0x3d,
  0x59, 0xf3, 0xbc, 0x3c, 0x6b, 0xdc, 0x11, 0xbe, 0xd7, 0xac, 0x58, 0x3d,
  0xfa, 0xd8, 0x29, 0x3e, 0xbb, 0xa3, 0x75, 0xbd, 0x91, 0xe4, 0xcd, 0x3d,
  0x09, 0x1e, 0x91, 0x3e, 0x23, 0x06, 0xc3, 0xbd, 0x6e, 0x3f, 0x4d, 0xbe,
  0xad, 0x5d, 0xdd, 0x3d, 0x6b, 0x90, 0x29, 0xbe, 0x8c, 0x03, 0xdc, 0x3e,
  0x22, 0xff, 0x78, 0x3d, 0xfb, 0x9b, 0xac, 0x3c, 0xa6, 0xd7, 0x39, 0x3d,
  0x20, 0xcd, 0x60, 0xbd, 0xac, 0x1c, 0x82, 0x3e, 0xab, 0x89, 0xa6, 0x3e,
  0x55, 0x26, 0xea, 0xbe, 0xd1, 0x55, 0x1a, 0xbe, 0x2c, 0x65, 0x57, 0xbe,
  0xef, 0x6d, 0x66, 0xbd, 0xe8, 0xeb, 0xd0, 0x3d, 0xdd, 0x8c, 0x4a, 0xbd,
  0x31, 0x71, 0x8d, 0xbc, 0xc7, 0xdd, 0x8a, 0x3d, 0xa0, 0xcc, 0x54, 0x3e,
  0xff, 0x17, 0xae, 0x3e, 0x07, 0x10, 0x1e, 0xbe, 0x09, 0x92, 0x16, 0xbe,
  0xa3, 0xb8, 0x9a, 0xbd, 0x71, 0x37, 0x2c, 0xbe, 0x0f, 0x59, 0xa9, 0x3e,
  0x20, 0x2d, 0xfb, 0x3d, 0x3e, 0xd5, 0xe9, 0x3d, 0x1d, 0x54, 0xb7, 0x3d,
  0x3e, 0x5b, 0x46, 0xbe, 0x98, 0xc8, 0x05, 0xbe, 0xb0, 0x65, 0xd5, 0x3d,
  0xce, 0x05, 0x74, 0xbe, 0xe1, 0x49, 0xce, 0x3d, 0xc0, 0xb3, 0x9b, 0xbe,
  0xc0, 0xdd, 0xbb, 0x3e, 0xdd, 0x63, 0x36, 0xbd, 0xa2, 0x53, 0x4a, 0xbd,
  0x0a, 0x7b, 0x4b, 0xbe, 0xf1, 0x46, 0x53, 0xbe, 0x50, 0xd3, 0xa5, 0x3d,
  0x42, 0xdd, 0x11, 0xbe, 0xf3, 0x38, 0x93, 0xbe, 0xf8, 0x78, 0x02, 0x3e,
  0x4c, 0xc4, 0x7d, 0x3e, 0x48, 0x1e, 0xdb, 0x3d, 0x66, 0x76, 0xcf, 0xbd,
  0xb0, 0xfb, 0x4b, 0x3e, 0x27, 0x3b, 0x2c, 0xbe, 0x18, 0x0e, 0x62, 0x3e,
  0xe2, 0xb2, 0x34, 0xbe, 0x3f, 0xc2, 0x8d, 0x3d, 0xfb, 0x9c, 0x3c, 0x3c,
  0x91, 0x09, 0x4b, 0xbe, 0x4c, 0x51, 0x3b, 0xbe, 0xcc, 0x3c, 0x03, 0x3d,
  0xe8, 0x93, 0xde, 0xbc, 0xcb, 0x8c, 0x3e, 0x3c, 0x8b, 0xd9, 0x92, 0xbe,
  0x03, 0x2a, 0x6e, 0x3e, 0x54, 0x8e, 0x1e, 0xbd, 0x7f, 0x82, 0x91, 0x3c,
  0x5d, 0x72, 0x7c, 0x3c, 0xb5, 0x2e, 0x5a, 0xbe, 0x5b, 0x2e, 0x41, 0x3e,
  0x98, 0xfe, 0xb5, 0xbe, 0x60, 0x03, 0x03, 0xbf, 0xd2, 0xab, 0x3a, 0x3e,
  0x65, 0x2e, 0x72, 0x3e, 0x2c, 0x97, 0x83, 0xbd, 0xd7, 0x9f, 0x0b, 0x3c,
  0x52, 0x64, 0x48, 0xbd, 0x98, 0xc7, 0x0c, 0x3d, 0xa4, 0x08, 0x45, 0x3e,
  0xd7, 0xb0, 0xa9, 0xbe, 0xc7, 0x6b, 0xad, 0x3c, 0x35, 0xb3, 0x39, 0xbe,
  0x33, 0xd2, 0x48, 0xbe, 0x3d, 0x1c, 0x7c, 0xbe, 0x80, 0x33, 0x85, 0x3e,
  0x01, 0xd6, 0x93, 0x3d, 0x2e, 0xba, 0x88, 0x3d, 0xba, 0x06, 0xfe, 0xbd,
  0xcb, 0x64, 0x2e, 0x3e, 0x9b, 0x48, 0xf2, 0xbd, 0x8c, 0x2f, 0xc6, 0x3d,
  0x4c, 0x05, 0x09, 0x3d, 0xc1, 0xec, 0xbd, 0x3c, 0x92, 0x96, 0x94, 0x3d,
  0xf9, 0x9d, 0x4f, 0xbe, 0x27, 0xb2, 0xdc, 0xbc, 0x84, 0x14, 0x7c, 0xbe,
  0x5d, 0xb6, 0x0c, 0xbe, 0xe5, 0x2f, 0x84, 0xbe, 0x7b, 0xb2, 0x0a, 0xbe,
  0xd7, 0x07, 0x10, 0xbc, 0x09, 0x22, 0x0e, 0xbe, 0x98, 0x12, 0xd7, 0xbd,
  0x4d, 0x5b, 0x2b, 0xbe, 0x97, 0xe5, 0x9c, 0xbe, 0x0d, 0xa9, 0x0b, 0xbd,
  0xae, 0xd2, 0x0f, 0xbe, 0x8c, 0xa1, 0xbd, 0x3d, 0xce, 0x21, 0x18, 0x3e,
  0x4f, 0x59, 0xcb, 0xbd, 0xbc, 0x66, 0x70, 0xbe, 0xa5, 0x00, 0xa6, 0x3d,
  0x61, 0x05, 0x80, 0xbd, 0x18, 0xe2, 0x15, 0xbe, 0x33, 0x94, 0x2b, 0xbe,
  0x33, 0x2d, 0x82, 0xbc, 0x91, 0x01, 0xe6, 0x3c, 0x68, 0xe1, 0x0f, 0xbe,
  0xc8, 0xb9, 0x27, 0xbe, 0x09, 0xf1, 0x47, 0x3e, 0xab, 0x76, 0x03, 0xbe,
  0x2c, 0x4a, 0x29, 0x3e, 0x16, 0xa3, 0x1b, 0xbe, 0xab, 0xe8, 0x5d, 0xbe,
  0x9c, 0xb9, 0x51, 0x3e, 0xf8, 0xc6, 0x59, 0x3d, 0x5c, 0xca, 0x02, 0x3d,
  0x5b, 0x46, 0x4a, 0x3e, 0xa4, 0xc8, 0x31, 0xbd, 0x31, 0x81, 0x3c, 0x3e,
  0x51, 0x72, 0xaf, 0xbc, 0xb3, 0x62, 0x4f, 0xbe, 0x0e, 0xfe, 0x39, 0x3d,
  0x1a, 0xb7, 0x00, 0x3d, 0x3d, 0xda, 0x46, 0xbe, 0x3d, 0x08, 0x0e, 0xbd,
  0x3f, 0x16, 0xb1, 0x3d, 0x02, 0xa5, 0xe7, 0xbd, 0x4a, 0x7a, 0xc7, 0xbb,
  0xc9, 0x4a, 0xa3, 0xbd, 0x80, 0x15, 0xcb, 0x3d, 0x00, 0x99, 0x09, 0x3e,
  0x1a, 0xca, 0xbe, 0xbd, 0x9a, 0xc2, 0xe5, 0xbd, 0x4e, 0x8a, 0x1b, 0x3f,
  0x6b, 0xd2, 0x87, 0x3e, 0x0e, 0x3e, 0x1d, 0x3e, 0x18, 0xf9, 0x34, 0xbe,
  0x70, 0xb9, 0x63, 0x3d, 0xb8, 0x53, 0xbb, 0x3d, 0xf3, 0x4d, 0x15, 0x3e,
  0xb5, 0x14, 0xef, 0x3d, 0xc3, 0x29, 0x1d, 0x3f, 0xef, 0x12, 0x16, 0x3e,
  0x8f, 0x3a, 0xff, 0x3d, 0x2a, 0x63, 0x2f, 0xbe, 0x9c, 0xc8, 0xcf, 0xba,
  0x04, 0xbc, 0x3a, 0x3e, 0xee, 0x8a, 0x03, 0xbe, 0xc7, 0xca, 0x03, 0x3e,
  0xe6, 0x2a, 0x03, 0x3f, 0xbe, 0xa6, 0x9f, 0x3d, 0x67, 0xbe, 0x1e, 0x3e,
  0x65, 0x39, 0x0c, 0x3d, 0x08, 0x5e, 0xfd, 0xbd, 0x94, 0x0f, 0x30, 0x3e,
  0xe1, 0xb6, 0x3a, 0xbf, 0xa1, 0x30, 0x4d, 0xbf, 0xd3, 0x8f, 0xba, 0x3e,
  0x84, 0xb7, 0xc6, 0x3d, 0xb9, 0x87, 0x4d, 0xbe, 0x4e, 0xf4, 0xf3, 0xbe,
  0xfd, 0x57, 0x05, 0x3c, 0xcd, 0x28, 0xc6, 0x3d, 0xd7, 0x60, 0x98, 0xbe,
  0x73, 0xe6, 0xcd, 0xbe, 0x88, 0x8a, 0x1b, 0x3e, 0x94, 0x18, 0x94, 0x3c,
  0x4c, 0x21, 0xcd, 0xbd, 0x26, 0x8e, 0xe0, 0xbe, 0x0a, 0x4e, 0x35, 0x3d,
  0xc0, 0xcb, 0xe3, 0xbd, 0x66, 0xb6, 0x97, 0xbe, 0x12, 0x93, 0x10, 0xbf,
  0x1d, 0xe2, 0x15, 0xbd, 0x1a, 0x0d, 0xf2, 0x3d, 0x1c, 0x49, 0x7f, 0xbe,
  0x66, 0xb8, 0xa3, 0xbe, 0x32, 0x15, 0xcf, 0x3d, 0xb1, 0xb9, 0x27, 0xbc,
  0x86, 0xc5, 0x3d, 0x3e, 0x6e, 0xe3, 0x8b, 0x3e, 0x6a, 0x08, 0x68, 0x3d,
  0x21, 0x5b, 0x8c, 0x3d, 0x97, 0xbc, 0x33, 0x3e, 0xe7, 0xe8, 0x3e, 0x3d,
  0xd9, 0x7b, 0x5e, 0xbd, 0x8f, 0x55, 0xe3, 0xbd, 0xf5, 0xab, 0x93, 0x3e,
  0xe0, 0x0e, 0x14, 0x3e, 0xa2, 0x70, 0x90, 0x3e, 0xe6, 0xbd, 0x15, 0xbd,
  0x65, 0x1b, 0xc2, 0x3d, 0x8c, 0xf6, 0x9c, 0x3d, 0x9a, 0xd5, 0x0f, 0xbe,
  0x72, 0x53, 0x03, 0x3d, 0x34, 0xcc, 0xfb, 0x3e, 0x86, 0x84, 0x67, 0x3e,
  0x59, 0xbd, 0x66, 0x3e, 0x6a, 0x13, 0xca, 0x3c, 0x89, 0xb3, 0x69, 0x3e,
  0xed, 0x49, 0x98, 0x3e, 0x47, 0x98, 0xc6, 0x3d, 0xbc, 0x17, 0x6b, 0x3e,
  0x95, 0x4a, 0x61, 0x3d, 0xeb, 0x12, 0x5b, 0xbc, 0x84, 0xa9, 0xfb, 0x3d,
  0x49, 0xdc, 0x7b, 0x3c, 0x5d, 0xd9, 0x36, 0xbd, 0xe2, 0xa9, 0x1d, 0x3e,
  0xfa, 0x21, 0xa8, 0x3d, 0x3b, 0x61, 0xef, 0xbd, 0x81, 0x0e, 0x6a, 0xbd,
  0x3f, 0x1c, 0x2b, 0x3c, 0x92, 0x50, 0xbf, 0x3d, 0x90, 0xda, 0xd3, 0x3d,
  0xa4, 0x30, 0xa0, 0x3d, 0x7e, 0x2c, 0x98, 0xbd, 0x03, 0x52, 0x8a, 0x3d,
  0xd7, 0x98, 0xd6, 0xbd, 0x67, 0xa9, 0x1f, 0x3e, 0x4a, 0x6a, 0x44, 0x3e,
  0x09, 0xfd, 0x13, 0xbe, 0x98, 0x13, 0xa4, 0xbd, 0x94, 0xf8, 0x6b, 0x3c,
  0xbe, 0xde, 0xf8, 0x3d, 0x12, 0xd1, 0x6e, 0xbd, 0xbb, 0x46, 0x5c, 0x3c,
  0x6e, 0xb6, 0xff, 0xff, 0x04, 0x00, 0x00, 0x00, 0x00, 0x48, 0x00, 0x00,
  0x83, 0x9c, 0xc0, 0xbe, 0x8d, 0x75, 0x4b, 0xbe, 0x9f, 0xfd, 0x09, 0x3e,
  0xab, 0x79, 0x26, 0x3e, 0xef, 0x21, 0xe8, 0xbd, 0x90, 0x9f, 0x1f, 0x3e,
  0x8b, 0x85, 0x13, 0xbf, 0x85, 0x1f, 0xd3, 0x3d, 0x79, 0x76, 0x37, 0xbd,
  0x14, 0x36, 0x45, 0x3e, 0xcc, 0xc3, 0x94, 0x3d, 0x19, 0xf2, 0xe6, 0x3e,
  0xc7, 0x99, 0x54, 0x3e, 0x4c, 0x63, 0xff, 0x3d, 0x06, 0xc2, 0xe4, 0x3c,
  0x3f, 0x55, 0x9a, 0xbe, 0x2a, 0x05, 0x3a, 0x3d, 0x88, 0x1a, 0x19, 0xbe,
  0xd6, 0x81, 0xa6, 0xbd, 0x56, 0x57, 0xd1, 0xbd, 0x3a, 0xbb, 0x69, 0x3b,
  0x4f, 0xfa, 0xb5, 0x3d, 0x9d, 0xb9, 0x64, 0xbe, 0x39, 0xda, 0xb2, 0x3e,
  0x73, 0xc1, 0x66, 0xbe, 0x5a, 0x41, 0x25, 0x3e, 0xe0, 0x2f, 0x7d, 0x3d,
  0xcc, 0xf0, 0xc6, 0x3b, 0x92, 0x61, 0xcb, 0x3d, 0xca, 0xa4, 0xbd, 0x3b,
  0xa1, 0x55, 0x1f, 0x3d, 0xbb, 0xe8, 0x34, 0xbe, 0xc3, 0x67, 0x76, 0x3e,
  0x7c, 0x45, 0xa6, 0xbd, 0xdf, 0x71, 0x9d, 0xbc, 0x62, 0xa6, 0x1a, 0xbb,
  0x16, 0x58, 0x85, 0x3e, 0xe8, 0x36, 0x73, 0xbc, 0xda, 0x11, 0xb3, 0xbe,
  0x7a, 0xdc, 0x0f, 0x3f, 0x46, 0x5b, 0x23, 0x3e, 0x23, 0x4b, 0x0a, 0x3e,
  0x95, 0xe7, 0x93, 0x3c, 0x60, 0xe3, 0xe2, 0xbe, 0x98, 0x15, 0x76, 0x3e,
  0x04, 0x01, 0x46, 0x3e, 0x20, 0x3a, 0xc5, 0xbd, 0xe1, 0x29, 0x95, 0xbe,
  0xdc, 0x78, 0x81, 0x3d, 0xb5, 0xac, 0x9f, 0xbd, 0x4c, 0xee, 0x6e, 0xbc,
  0xca, 0x5c, 0x64, 0x3d, 0x00, 0xda, 0x2e, 0xbe, 0x46, 0x55, 0xc9, 0xbd,
  0x5b, 0x7f, 0x6e, 0xbf, 0x9f, 0xf1, 0x41, 0xbd, 0xa6, 0x96, 0x94, 0x3d,
  0x01, 0xd6, 0xba, 0x3c, 0x15, 0x8c, 0x5f, 0xbd, 0xbf, 0x0c, 0x0a, 0xbd,
  0x7f, 0x70, 0xc8, 0x3d, 0x2c, 0xfd, 0xab, 0xbe, 0xce, 0xc6, 0x2e, 0xbe,
  0xdb, 0x47, 0x88, 0xbe, 0x88, 0x8c, 0xdd, 0x39, 0x4e, 0x0d, 0x91, 0xbe,
  0x4b, 0x9b, 0x85, 0xbd, 0xdc, 0x4e, 0x9c, 0x3c, 0xe7, 0x5b, 0x32, 0x3e,
  0x66, 0x80, 0x80, 0x3d, 0x92, 0x1a, 0x79, 0xbf, 0xaf, 0x12, 0xc8, 0xbe,
  0x8e, 0xe2, 0xe9, 0xbb, 0x4f, 0xb2, 0xa2, 0xbd, 0x3c, 0x2d, 0xc9, 0xbd,
  0x93, 0x4d, 0x69, 0xbf, 0xc9, 0x87, 0xd2, 0xbd, 0xf8, 0x5f, 0xb4, 0xbe,
  0xfd, 0x48, 0x79, 0xbe, 0xfb, 0x76, 0x28, 0x3e, 0x5a, 0x4e, 0x31, 0x3e,
  0x5d, 0x49, 0x17, 0xbe, 0x5a, 0x4a, 0x84, 0xbe, 0x1a, 0x17, 0xab, 0xbd,
  0xcf, 0xc4, 0x8d, 0xbc, 0xe3, 0x59, 0xfa, 0x3c, 0x58, 0xe1, 0x22, 0xbe,
  0xa8, 0xc6, 0xde, 0x3d, 0x04, 0x05, 0xda, 0x3d, 0x93, 0x9e, 0x2e, 0x3e,
  0xac, 0x7e, 0x3d, 0xbe, 0x9d, 0x73, 0xd3, 0xbe, 0x19, 0xb4, 0x49, 0xbe,
  0x99, 0x42, 0xbc, 0xbd, 0xfd, 0xe4, 0xa6, 0xbc, 0xe9, 0x57, 0x0c, 0xbe,
  0xe6, 0xc1, 0xac, 0xbd, 0x6e, 0x05, 0xfd, 0xbd, 0xfd, 0xae, 0x2e, 0xbe,
  0xc9, 0x83, 0xe4, 0xbe, 0x76, 0x8a, 0xcc, 0xbd, 0x2a, 0xe0, 0x2c, 0xbe,
  0xcf, 0x71, 0x24, 0xbe, 0x68, 0x51, 0x03, 0x3f, 0xe1, 0x58, 0x13, 0xbe,
  0x84, 0x11, 0xbb, 0xbd, 0xa0, 0x21, 0x24, 0x3e, 0xe2, 0x8b, 0x2a, 0x3d,
  0xee, 0xc0, 0xa5, 0xbc, 0xa2, 0x41, 0xf0, 0x3d, 0x3d, 0xfb, 0xb1, 0xbe,
  0x79, 0x2e, 0x8a, 0x3d, 0x5b, 0x98, 0xb3, 0xbc, 0x2e, 0xed, 0xfa, 0xbc,
  0x0a, 0xa1, 0xa4, 0xbd, 0x07, 0x97, 0xac, 0x3d, 0xae, 0x9c, 0x9a, 0x3e,
  0x0d, 0x5d, 0x15, 0xbe, 0x2c, 0xbe, 0x31, 0xbf, 0x54, 0x9d, 0x7b, 0xbd,
  0xe8, 0xc0, 0x92, 0x3d, 0xac, 0xc0, 0xbc, 0xbd, 0x7b, 0x51, 0x1b, 0xbd,
  0xdb, 0x53, 0xbe, 0xbe, 0x7f, 0x60, 0x26, 0x3e, 0x61, 0xc5, 0x8d, 0x3e,
  0xa2, 0xd0, 0xce, 0xbe, 0xe2, 0xda, 0x84, 0x3d, 0x7f, 0x09, 0x18, 0xbf,
  0x60, 0xd6, 0x2d, 0xbe, 0x89, 0x2e, 0x2b, 0x3d, 0x3e, 0x0b, 0xd1, 0x3d,
  0xcb, 0x16, 0x09, 0x3e, 0xd1, 0x8c, 0xc4, 0xbd, 0xa5, 0x0f, 0x73, 0xbe,
  0x02, 0x5f, 0x8c, 0xbe, 0xfb, 0xab, 0xac, 0x3c, 0x60, 0x4d, 0xf6, 0xbd,
  0xad, 0x9a, 0xb7, 0x3d, 0x46, 0xea, 0x14, 0xbe, 0x9d, 0x48, 0x9a, 0x3d,
  0x01, 0x03, 0x5e, 0x3e, 0xe5, 0xb7, 0x9f, 0xbe, 0xae, 0x88, 0xaa, 0xbd,
  0x7a, 0xf8, 0xda, 0xbe, 0xa2, 0x77, 0xa6, 0x3d, 0x15, 0x38, 0x14, 0x3e,
  0x8d, 0x8c, 0x4a, 0xbd, 0xc4, 0xf0, 0x93, 0x3c, 0x06, 0xf7, 0xb3, 0x3e,
  0x06, 0xe6, 0xd0, 0xbe, 0xab, 0xe9, 0xe5, 0xbc, 0x00, 0x33, 0xd6, 0x3c,
  0x48, 0xf3, 0x86, 0xbd, 0xb3, 0xf1, 0x93, 0xbc, 0x72, 0xa0, 0x91, 0xbe,
  0x1f, 0xec, 0x84, 0x3d, 0x41, 0x8f, 0xbb, 0x3e, 0x22, 0x0c, 0x31, 0x3e,
  0x42, 0xc2, 0x25, 0x3d, 0x55, 0xaf, 0xbb, 0xbe, 0xf0, 0x51, 0x0d, 0xbe,
  0x65, 0x51, 0x90, 0x3e, 0xff, 0x16, 0x38, 0x3d, 0x55, 0xb1, 0x29, 0xbe,
  0xac, 0x12, 0x30, 0x3e, 0x3c, 0xc0, 0xb4, 0xbe, 0x17, 0x32, 0x93, 0xbd,
  0xcb, 0x3e, 0x0e, 0xbd, 0x04, 0xac, 0xa8, 0x3d, 0x01, 0xb3, 0x12, 0x3e,
  0x11, 0x27, 0x33, 0x3e, 0xb3, 0x23, 0xa7, 0x3b, 0xcb, 0x73, 0x06, 0xbe,
  0xb7, 0xff, 0x32, 0xbd, 0x3a, 0xee, 0xe7, 0xbd, 0xa3, 0xf0, 0xce, 0x3b,
  0xa4, 0x1c, 0x30, 0xbd, 0x05, 0xf7, 0xcb, 0x3c, 0x07, 0xd9, 0x19, 0xbc,
  0x1a, 0x7e, 0x6f, 0x3e, 0x85, 0x28, 0x06, 0x3e, 0xd7, 0xef, 0xbf, 0xbe,
  0x29, 0x5d, 0x76, 0x3e, 0x76, 0xc3, 0x1f, 0x3e, 0xa0, 0x3c, 0x37, 0x3e,
  0xf5, 0x5e, 0xb3, 0xbd, 0xe1, 0xd7, 0x5a, 0xbe, 0xf6, 0x8e, 0xe9, 0x3d,
  0xe3, 0x69, 0xa0, 0x3e, 0x54, 0x4d, 0xb3, 0x3c, 0x67, 0x24, 0x0f, 0xbd,
  0xd8, 0xcd, 0x10, 0x3e, 0x8c, 0xe2, 0x8b, 0xbd, 0xf7, 0x79, 0x5f, 0xbd,
  0x8e, 0x68, 0x1e, 0x3d, 0xf8, 0xe8, 0x5a, 0x3e, 0xd2, 0x85, 0x1f, 0xbe,
  0xf5, 0x4c, 0xee, 0xbe, 0xd1, 0xcc, 0xd9, 0x3d, 0x3e, 0x59, 0xfd, 0x3e,
  0x5f, 0xf2, 0x49, 0xbc, 0xd5, 0x61, 0xdb, 0xbd, 0x5f, 0x44, 0x60, 0xbf,
  0x0a, 0x9e, 0xcd, 0x3d, 0xbd, 0xe4, 0x98, 0x3e, 0x0f, 0x86, 0xa4, 0xbd,
  0x0a, 0x0b, 0x07, 0xbe, 0xb2, 0x9d, 0x5c, 0xbd, 0x97, 0x90, 0x84, 0xbe,
  0x5a, 0x17, 0xe7, 0xbd, 0x16, 0x02, 0xe5, 0xbd, 0xd5, 0xb9, 0x6b, 0x3e,
  0x02, 0x3c, 0x1b, 0xbe, 0x51, 0x9f, 0xfb, 0xbe, 0x35, 0x80, 0x8c, 0x3c,
  0x4a, 0x4b, 0x64, 0x3e, 0xa6, 0x2b, 0x4d, 0xbe, 0xe9, 0x73, 0x5e, 0xbd,
  0x14, 0xd9, 0x13, 0xbf, 0x7f, 0xd4, 0x9d, 0x3b, 0x8a, 0x82, 0x20, 0xbd,
  0x3a, 0x74, 0xc0, 0xbd, 0x1e, 0x56, 0x76, 0x3c, 0x33, 0x0b, 0xc6, 0xbc,
  0x7f, 0x8b, 0x44, 0xbe, 0xf4, 0x5b, 0x82, 0xbe, 0xbf, 0xc4, 0xb5, 0xbd,
  0xa9, 0xef, 0xbe, 0x3e, 0x9b, 0x47, 0x8f, 0x3d, 0x03, 0x3f, 0x81, 0xbe,
  0xc2, 0x7a, 0x0e, 0x3e, 0x0d, 0x70, 0xa0, 0x3e, 0x5b, 0x9d, 0xd2, 0x3d,
  0xef, 0x47, 0x28, 0xbe, 0xea, 0x2e, 0xe3, 0xbe, 0xb8, 0xc3, 0xc3, 0x3d,
  0x3f, 0x38, 0x33, 0x3e, 0x4d, 0xdf, 0xc4, 0xbd, 0xc6, 0x11, 0x68, 0xbe,
  0x18, 0xb8, 0x09, 0xbf, 0xaf, 0x04, 0x0c, 0xbd, 0x52, 0x3f, 0x8d, 0x3e,
  0x35, 0xe6, 0x82, 0xbe, 0xe3, 0xdc, 0xf0, 0x3c, 0x23, 0x49, 0xe7, 0xbc,
  0xaf, 0x80, 0x4c, 0xbe, 0x4c, 0x91, 0x8a, 0xbe, 0x10, 0x92, 0x9b, 0xbe,
  0x64, 0x4b, 0x5a, 0x3e, 0xe8, 0x65, 0xee, 0xba, 0x66, 0x8c, 0xb4, 0xbe,
  0xc2, 0xf3, 0xfb, 0x3d, 0x89, 0x5d, 0xf6, 0x3e, 0xd8, 0x27, 0x40, 0xbe,
  0x4b, 0xc3, 0x02, 0x3e, 0x6c, 0x01, 0xb0, 0xbe, 0xa0, 0x28, 0xa1, 0xbd,
  0x76, 0xad, 0xfa, 0x3d, 0xdb, 0xb0, 0xb3, 0xbe, 0x72, 0x5f, 0x94, 0x3e,
  0x9b, 0x06, 0x45, 0xbe, 0x3e, 0xc2, 0x53, 0xbd, 0x90, 0x9a, 0x6a, 0xbe,
  0x3d, 0x3f, 0x7a, 0xbe, 0xfe, 0x5e, 0x96, 0x3e, 0x74, 0x1d, 0xc2, 0xbc,
  0xc3, 0xea, 0x6c, 0xbe, 0x0d, 0x43, 0xde, 0x3c, 0x93, 0x02, 0xd7, 0x3e,
  0xad, 0x49, 0x88, 0xbe, 0x36, 0x8f, 0x4f, 0x3e, 0xae, 0xe7, 0xcd, 0xbe,
  0x20, 0xc6, 0x67, 0xbe, 0xff, 0x89, 0xc4, 0x3e, 0xbb, 0x8b, 0xf3, 0xbe,
  0x8f, 0x8a, 0xe5, 0xbe, 0x41, 0x23, 0xa6, 0xbe, 0xa2, 0x26, 0x0d, 0x3e,
  0x1a, 0x87, 0xec, 0x3c, 0xe6, 0xe7, 0x85, 0xbe, 0xcc, 0x25, 0xfa, 0x3d,
  0xf7, 0x9c, 0xfa, 0x3c, 0x79, 0xf8, 0x73, 0xbe, 0xff, 0xee, 0x3c, 0x3d,
  0x15, 0x00, 0x7b, 0xbe, 0xfe, 0x42, 0xfb, 0xbe, 0xb3, 0x10, 0xec, 0x3d,
  0xe9, 0x2c, 0x9c, 0xbe, 0xd4, 0x7e, 0x1f, 0xbe, 0xf5, 0xb7, 0x74, 0x3d,
  0xec, 0x01, 0x0d, 0xbe, 0x44, 0x90, 0xdf, 0xbe, 0xac, 0xbb, 0x13, 0xbc,
  0x91, 0x08, 0x79, 0xbe, 0x32, 0x83, 0xae, 0xbe, 0x3a, 0x00, 0xcd, 0xbe,
  0xbb, 0x33, 0x84, 0xbd, 0xc1, 0x1a, 0x68, 0xbe, 0x90, 0x56, 0x9c, 0xbf,
  0x8d, 0xa3, 0xce, 0x3c, 0x44, 0x4b, 0xf5, 0xbe, 0x7e, 0x4e, 0x01, 0xbd,
  0x9b, 0x22, 0x15, 0xbe, 0xee, 0xc2, 0x4a, 0x3d, 0x26, 0x08, 0x38, 0x3d,
  0x1a, 0x77, 0xf7, 0xbe, 0x9e, 0xf8, 0x0e, 0x3e, 0xcf, 0xdc, 0x91, 0x3e,
  0x35, 0xd3, 0x1d, 0xbe, 0xa5, 0x16, 0x8d, 0xbe, 0x5b, 0x9b, 0x5b, 0x3e,
  0xb9, 0x5e, 0xbe, 0x3e, 0x9f, 0x36, 0x1f, 0x3e, 0xf4, 0x70, 0x62, 0xbe,
  0xf1, 0xf8, 0xc9, 0xbf, 0xf3, 0x62, 0x6d, 0xbe, 0xbe, 0xcd, 0x77, 0xbe,
  0x29, 0x2d, 0x5e, 0xbd, 0x0f, 0x0e, 0x11, 0xbe, 0x42, 0x56, 0xbf, 0xbc,
  0x4d, 0x14, 0x3f, 0x3e, 0x1c, 0x25, 0x80, 0x3e, 0xba, 0x9c, 0x14, 0xbe,
  0xcc, 0x0e, 0x1d, 0x3e, 0xa1, 0x88, 0xbe, 0xbe, 0xe8, 0x59, 0xf3, 0xbe,
  0x6f, 0x3a, 0xe7, 0x3e, 0xc6, 0x7a, 0x4b, 0x3d, 0xb0, 0x17, 0x4d, 0x3e,
  0xaf, 0x7a, 0x15, 0xbe, 0xd9, 0x47, 0xf4, 0xbe, 0x30, 0xe5, 0xac, 0xbd,
  0xc6, 0xaa, 0x28, 0xbe, 0xe0, 0x1b, 0x54, 0x3c, 0x83, 0x66, 0xce, 0xbe,
  0x6f, 0x51, 0xd2, 0xbd, 0xa9, 0xaf, 0x2c, 0xbe, 0xc4, 0xac, 0x83, 0xbe,
  0x34, 0x68, 0xa9, 0xbd, 0xe3, 0x85, 0x05, 0xbe, 0x1c, 0x55, 0x29, 0xbe,
  0xc4, 0x6b, 0x9c, 0xbd, 0xd9, 0x2f, 0x5c, 0x3e, 0x27, 0xd5, 0x84, 0x3e,
  0xff, 0xc2, 0x74, 0xbd, 0xe7, 0xaa, 0xce, 0x3d, 0x35, 0x75, 0x02, 0xbf,
  0x83, 0x2a, 0xfe, 0x3b, 0x1f, 0xc1, 0xab, 0x3d, 0xba, 0x3c, 0x56, 0xbe,
  0xe9, 0x04, 0x02, 0xbf, 0x22, 0x74, 0x0e, 0xbd, 0xe6, 0x52, 0x1a, 0x3d,
  0xaf, 0x69, 0x59, 0x3d, 0x49, 0xa8, 0x60, 0x3e, 0xf2, 0x0c, 0x0f, 0x3e,
  0x69, 0xd5, 0x38, 0x3d, 0xdf, 0xc3, 0x6d, 0xbd, 0xb1, 0x99, 0x38, 0x3e,
  0xb7, 0xb1, 0x37, 0xbf, 0x4c, 0x72, 0x93, 0x3c, 0x8d, 0x90, 0xbf, 0x3d,
  0x10, 0x49, 0x1b, 0xbf, 0xb2, 0xf3, 0x0c, 0x3d, 0xc9, 0x70, 0x8c, 0x3e,
  0xc5, 0x67, 0x81, 0xbd, 0xd0, 0xbc, 0xa2, 0xbe, 0xe4, 0x88, 0x82, 0x3d,
  0xa4, 0x93, 0x0e, 0x3e, 0xce, 0x36, 0x88, 0xbd, 0x34, 0x6d, 0xef, 0xbd,
  0x6f, 0x46, 0x04, 0xbe, 0x54, 0x16, 0x70, 0x3d, 0x6a, 0x28, 0x64, 0xbe,
  0xc1, 0x4d, 0xc6, 0x3e, 0x9b, 0x0d, 0x5c, 0xbf, 0xeb, 0xbb, 0x98, 0x3e,
  0x0d, 0xb7, 0x04, 0xbd, 0x56, 0xbb, 0x3b, 0xbf, 0x2b, 0xf2, 0x2d, 0xbd,
  0x0d, 0x30, 0x89, 0xbd, 0x99, 0x78, 0xe3, 0xbd, 0x9d, 0xb7, 0xa3, 0xbe,
  0x0d, 0xab, 0x6a, 0xbd, 0xa1, 0x4e, 0x42, 0xbe, 0xd8, 0xa1, 0xac, 0xbd,
  0x23, 0xf3, 0xa5, 0x3d, 0x17, 0x38, 0xa6, 0x3e, 0x40, 0x65, 0xab, 0xbd,
  0xbc, 0xa2, 0x39, 0xbe, 0x26, 0xcb, 0x21, 0x3d, 0xd6, 0x23, 0x1d, 0x3e,
  0xc0, 0x80, 0x30, 0xbd, 0xad, 0xf9, 0xdd, 0xbc, 0xd8, 0x44, 0x3b, 0x3d,
  0x95, 0x83, 0x6f, 0x3d, 0xfe, 0xd5, 0x31, 0x3e, 0x90, 0x9a, 0x1a, 0xbe,
  0xf9, 0xfc, 0xdf, 0xbe, 0x27, 0x96, 0x76, 0x3c, 0xd1, 0xd2, 0x11, 0xbd,
  0xa7, 0x3d, 0xc3, 0xbc, 0x81, 0xf0, 0x36, 0x3e, 0x6c, 0x44, 0xb5, 0x3e,
  0x72, 0x35, 0x33, 0x3e, 0xb0, 0xb3, 0x0e, 0xbf, 0x87, 0xf3, 0x7a, 0x3e,
  0x72, 0x30, 0xea, 0x3d, 0x7e, 0xff, 0x97, 0x3d, 0x4d, 0x9c, 0xaa, 0xbb,
  0xd9, 0x6c, 0x59, 0xbf, 0xc9, 0x68, 0x81, 0xbd, 0x7e, 0x98, 0xb4, 0x3e,
  0xe9, 0x40, 0xd8, 0xbc, 0xb6, 0x24, 0x32, 0xbe, 0xb2, 0xc5, 0x62, 0xbc,
  0xa0, 0x8f, 0x5e, 0xbd, 0xf3, 0x01, 0x5e, 0x3d, 0x16, 0x68, 0xae, 0x3e,
  0xed, 0xee, 0xdc, 0x3e, 0x03, 0x96, 0x03, 0xbc, 0xf2, 0x21, 0xaa, 0xbd,
  0xd8, 0x71, 0x82, 0x3e, 0x39, 0xb7, 0x36, 0x3d, 0x01, 0xf1, 0x86, 0x3e,
  0x45, 0x10, 0x43, 0xbd, 0x98, 0x90, 0x59, 0xbf, 0x1c, 0x8f, 0x55, 0x3d,
  0x36, 0x38, 0xf6, 0x3d, 0x85, 0x88, 0x95, 0x3d, 0xda, 0x86, 0x86, 0xbe,
  0x85, 0x27, 0x47, 0xbe, 0xb8, 0x8b, 0x53, 0x3e, 0x92, 0xba, 0x09, 0xbd,
  0x80, 0xf7, 0x1b, 0x3e, 0xa0, 0x37, 0xc9, 0x3d, 0x38, 0xef, 0x6e, 0x3e,
  0xfd, 0x2c, 0xe0, 0xbe, 0xfd, 0x29, 0xc0, 0x3c, 0xde, 0xca, 0xcf, 0xbd,
  0xbf, 0x0b, 0x7e, 0xbe, 0xbc, 0xaa, 0x77, 0xbe, 0xe1, 0x74, 0xf2, 0xbe,
  0x15, 0x09, 0x97, 0x3d, 0x1b, 0xed, 0x86, 0x3e, 0x9d, 0x2c, 0x49, 0x3e,
  0x9b, 0x3b, 0xbc, 0x3d, 0xcb, 0x76, 0x6b, 0xbe, 0x90, 0x0b, 0xab, 0x3d,
  0x7f, 0xc4, 0xf4, 0xbd, 0x9d, 0x03, 0x97, 0x3d, 0xba, 0xab, 0x97, 0x3d,
  0xa7, 0x04, 0x70, 0x3c, 0x04, 0xb6, 0xf2, 0xbe, 0x11, 0xdc, 0x8b, 0x3e,
  0xed, 0xcf, 0xc0, 0xbe, 0x44, 0xf4, 0x91, 0xbe, 0x44, 0xa1, 0xba, 0x3d,
  0x27, 0x51, 0x60, 0xbe, 0x1b, 0x61, 0xb7, 0xbd, 0xe8, 0x8c, 0x9d, 0x3d,
  0x93, 0xc6, 0x13, 0xbd, 0xc3, 0x2d, 0x4e, 0xbc, 0xac, 0xdc, 0xe7, 0x3d,
  0xf7, 0x08, 0x31, 0x3e, 0x50, 0xea, 0x3d, 0x3e, 0xaa, 0xdb, 0x1c, 0xbd,
  0x27, 0xa0, 0xc7, 0x3e, 0x6c, 0x62, 0xb5, 0x3c, 0xb0, 0x0d, 0x01, 0xbf,
  0x3b, 0x76, 0xe6, 0x3e, 0xc4, 0x0d, 0x57, 0xbd, 0xcd, 0x35, 0x80, 0x3e,
  0xa7, 0x27, 0x91, 0xbe, 0xfa, 0x57, 0xe1, 0xbe, 0x87, 0xc9, 0x95, 0x3d,
  0x06, 0x48, 0x55, 0x3e, 0xa3, 0xb0, 0xda, 0x3d, 0x93, 0x2b, 0xc6, 0x3d,
  0xf3, 0xb4, 0x61, 0xbe, 0x81, 0xde, 0x7d, 0x3c, 0xed, 0xdc, 0xc4, 0x3c,
  0x7d, 0xae, 0x26, 0xbe, 0x24, 0xaf, 0xb4, 0xbc, 0x24, 0xc8, 0x7a, 0xbd,
  0x19, 0xfc, 0xa5, 0xbe, 0x09, 0x22, 0x83, 0xbe, 0xe3, 0x06, 0x91, 0x3d,
  0xf5, 0xfa, 0x2b, 0xbe, 0xfd, 0x83, 0xac, 0xbd, 0xa5, 0x72, 0x30, 0x3e,
  0x00, 0x88, 0x22, 0x3e, 0x80, 0x84, 0xac, 0x3e, 0xf2, 0xcd, 0xba, 0x3d,
  0x6c, 0xb2, 0x56, 0xbd, 0x71, 0x33, 0x55, 0xbd, 0xe7, 0x34, 0xc5, 0x3d,
  0xc7, 0x96, 0x2d, 0xbe, 0x3b, 0x42, 0x5d, 0xbd, 0xd5, 0xc3, 0x55, 0x3e,
  0xe3, 0x55, 0x91, 0xbd, 0xf1, 0xac, 0x7a, 0xbf, 0x0a, 0xde, 0xda, 0x3d,
  0x5e, 0x1f, 0xe8, 0xbc, 0x1c, 0x7a, 0x1f, 0xbe, 0x16, 0x70, 0xdd, 0x3c,
  0x78, 0xf1, 0x76, 0xbe, 0xaf, 0xe9, 0x9b, 0x3c, 0xde, 0x9f, 0xd1, 0xbd,
  0x42, 0xd2, 0x7c, 0x3d, 0x68, 0xa7, 0x08, 0xbd, 0xf5, 0x88, 0x56, 0x3e,
  0xa8, 0xa1, 0xe9, 0x3d, 0x50, 0xf0, 0xcc, 0x3d, 0x75, 0xec, 0xe0, 0xbd,
  0x2a, 0x5a, 0x62, 0x3d, 0x4a, 0xbc, 0x51, 0xbb, 0xac, 0x9b, 0xb5, 0xbe,
  0xc2, 0x89, 0x8f, 0x3e, 0xa0, 0xb1, 0x45, 0xbd, 0x70, 0x47, 0x98, 0x3d,
  0x06, 0x95, 0x19, 0xbc, 0x2f, 0x4a, 0xd0, 0xbe, 0x2e, 0x5d, 0x28, 0xbe,
  0xc7, 0x30, 0xda, 0xbd, 0xc1, 0x03, 0x87, 0xbd, 0xd8, 0x2d, 0x28, 0xbe,
  0x39, 0xe9, 0x71, 0xbe, 0x5a, 0x11, 0x7e, 0xbd, 0xc9, 0x2e, 0x0a, 0x3e,
  0x26, 0xa9, 0x91, 0xbd, 0xbe, 0xa3, 0x4f, 0x3d, 0xd5, 0x31, 0x10, 0xbe,
  0x9d, 0xee, 0xa1, 0xbd, 0x81, 0x08, 0x3a, 0xbe, 0x01, 0xff, 0x2b, 0xbe,
  0x41, 0x85, 0x93, 0x3e, 0x28, 0x1a, 0x0a, 0xbf, 0x45, 0x4b, 0x6c, 0x3e,
  0x98, 0x62, 0x2f, 0x3e, 0xd7, 0x3f, 0xb3, 0x3e, 0x08, 0x5c, 0x88, 0xbd,
  0xe0, 0xf1, 0xc8, 0xbe, 0xea, 0x6d, 0xa5, 0xbe, 0xde, 0x0d, 0x82, 0xbe,
  0x6e, 0xea, 0xbb, 0x3c, 0x92, 0x91, 0x1e, 0xbe, 0x2c, 0xeb, 0x78, 0x3e,
  0xcb, 0xa4, 0x32, 0x3d, 0x3f, 0xd3, 0x2c, 0xbf, 0xec, 0x21, 0x81, 0xbe,
  0x4b, 0x47, 0x10, 0x3a, 0x5a, 0x33, 0x58, 0x3d, 0xc5, 0x4a, 0xa5, 0xbe,
  0xd4, 0xa3, 0x88, 0xbd, 0xb7, 0x71, 0x82, 0xbd, 0x63, 0x42, 0x09, 0x3f,
  0x3b, 0x4c, 0x57, 0xbe, 0x4c, 0x06, 0x9e, 0xbe, 0x52, 0x00, 0x61, 0xbe,
  0xde, 0xbb, 0x7e, 0xbe, 0x60, 0x57, 0x7c, 0x3e, 0x9c, 0x11, 0x43, 0x3c,
  0x00, 0xf9, 0x4c, 0x3c, 0xe0, 0x98, 0x03, 0xbe, 0xf9, 0xa1, 0x02, 0xbd,
  0x20, 0xcb, 0x89, 0x3e, 0x46, 0x11, 0xb3, 0x3c, 0xa8, 0xda, 0x9b, 0x3e,
  0xad, 0x0c, 0x0a, 0xbe, 0xfa, 0xf6, 0xf7, 0xbe, 0x9b, 0x86, 0xe7, 0xbd,
  0x3e, 0xf9, 0x8e, 0x3c, 0xac, 0x0b, 0x8b, 0xbd, 0x77, 0xab, 0xa0, 0xbe,
  0x2c, 0x33, 0xf9, 0x3d, 0xb0, 0x28, 0xa1, 0x3d, 0x25, 0x6a, 0x10, 0xbd,
  0xcd, 0x4e, 0xd8, 0x3d, 0xa4, 0x5c, 0xc2, 0xbe, 0x66, 0x06, 0x49, 0xbe,
  0x35, 0xd0, 0x39, 0x3e, 0x3e, 0x4e, 0x6a, 0xbd, 0x87, 0xa1, 0xea, 0xbe,
  0x0f, 0xff, 0x2f, 0x3d, 0x35, 0x88, 0x86, 0x3e, 0xb1, 0xae, 0x29, 0x3f,
  0x9b, 0xc4, 0xd2, 0x3d, 0x47, 0x29, 0x80, 0xbd, 0x5d, 0xec, 0xfc, 0x3d,
  0x4f, 0x71, 0x99, 0x3e, 0xb0, 0x2f, 0xc9, 0xba, 0x88, 0xcc, 0x18, 0x3d,
  0x18, 0xf8, 0x25, 0xbe, 0xc9, 0x8f, 0x53, 0x3e, 0x8f, 0x85, 0x9f, 0xbe,
  0xfb, 0x19, 0x19, 0xbe, 0x6c, 0xf6, 0x50, 0x3d, 0x4f, 0x96, 0xc8, 0xbc,
  0x3d, 0x6d, 0x45, 0xbf, 0xee, 0x84, 0x5b, 0xbb, 0x5d, 0xef, 0xb5, 0x3d,
  0x3f, 0x3d, 0x21, 0x3f, 0x68, 0x4b, 0x16, 0x3e, 0x49, 0xf7, 0x7e, 0xbe,
  0x51, 0x6f, 0xa0, 0xbd, 0xde, 0x60, 0xba, 0xbd, 0x8a, 0xce, 0x8f, 0x3e,
  0x53, 0xcd, 0x3d, 0x3d, 0xd9, 0xbb, 0x07, 0xbe, 0x6d, 0x28, 0x83, 0x3e,
  0x42, 0x93, 0x95, 0xbd, 0xd8, 0x56, 0x8e, 0xbd, 0x7c, 0x12, 0x0a, 0xbf,
  0x91, 0xc8, 0x97, 0xba, 0xa7, 0x0c, 0x26, 0xbf, 0xd7, 0xd2, 0xb5, 0xbc,
  0xbc, 0xa8, 0x6a, 0xbd, 0x90, 0x65, 0x97, 0x3e, 0xca, 0xd8, 0x92, 0x3c,
  0x68, 0xdf, 0x7c, 0xbe, 0x68, 0xea, 0xe1, 0x3c, 0xaa, 0x8c, 0x31, 0xbd,
  0xc1, 0x1e, 0x40, 0x3e, 0x72, 0x9e, 0xe8, 0xbd, 0xa0, 0xd0, 0x18, 0xbe,
  0x88, 0xbf, 0xfc, 0x3d, 0x2f, 0xfd, 0x2f, 0xbe, 0x5f, 0x72, 0xf5, 0xbd,
  0x03, 0x9a, 0x58, 0x3e, 0xe5, 0xce, 0x9b, 0xbd, 0x25, 0x56, 0x9e, 0xbe,
  0x5d, 0x54, 0x25, 0xbe, 0xec, 0xd8, 0xc5, 0xbd, 0x8b, 0xda, 0xef, 0x3e,
  0x83, 0x6a, 0x37, 0xbd, 0xe6, 0xc3, 0x15, 0xbf, 0x69, 0x60, 0x03, 0xbc,
  0x27, 0x79, 0x51, 0xbe, 0x80, 0xfb, 0x7f, 0x3d, 0x51, 0x2d, 0x39, 0x3e,
  0xf8, 0xc1, 0xa4, 0xbe, 0xea, 0xf8, 0xcc, 0x3d, 0x43, 0x4d, 0x8c, 0xbe,
  0x62, 0xbc, 0x82, 0xbe, 0x04, 0xaf, 0xe5, 0xbc, 0xb3, 0xf1, 0x4f, 0xbe,
  0xf8, 0x0c, 0x8e, 0xbe, 0x6a, 0x36, 0xd7, 0xbd, 0x19, 0x05, 0xb7, 0x3c,
  0x1c, 0x7a, 0x52, 0x3f, 0xd6, 0x31, 0xcf, 0x3d, 0x49, 0x98, 0xd0, 0xbe,
  0xfc, 0x97, 0xb0, 0x3c, 0x69, 0xb4, 0x94, 0xbd, 0xac, 0x3c, 0x20, 0x3e,
  0xd9, 0x50, 0x84, 0x3e, 0x44, 0x63, 0x9c, 0x3d, 0xb9, 0x58, 0x15, 0xbd,
  0xfc, 0x4b, 0xd6, 0xbe, 0x88, 0xf5, 0xd4, 0xbc, 0x9f, 0x22, 0x0e, 0xbf,
  0x00, 0xb6, 0xcd, 0xbc, 0x51, 0x47, 0xbe, 0xbd, 0xc0, 0xf2, 0x8e, 0xbe,
  0x56, 0x4e, 0xa0, 0xbd, 0xf1, 0x6a, 0xd9, 0x3d, 0x99, 0xbb, 0xac, 0xbd,
  0x59, 0xc2, 0x9c, 0xbe, 0x76, 0x0d, 0xf2, 0x3c, 0xa4, 0xe6, 0xd9, 0x3e,
  0x82, 0x75, 0x99, 0x3e, 0xa6, 0x72, 0x74, 0x3d, 0xb0, 0x4e, 0xce, 0x3c,
  0x43, 0x82, 0xe3, 0x3c, 0xee, 0x8e, 0x1a, 0xbe, 0x78, 0x67, 0x9e, 0x3c,
  0xa4, 0x5e, 0xef, 0x3d, 0xd8, 0xa5, 0xaa, 0xbe, 0xac, 0xb9, 0x05, 0xbe,
  0xc8, 0x1d, 0xb1, 0x3d, 0x1f, 0x95, 0xb4, 0xbe, 0x43, 0xda, 0xfa, 0x3d,
  0x44, 0xe2, 0x93, 0x3e, 0xd5, 0x05, 0xbe, 0xbe, 0x28, 0xe7, 0x60, 0x3d,
  0x88, 0x2d, 0x11, 0x3e, 0xfc, 0x69, 0x98, 0x3d, 0xce, 0x9b, 0x44, 0xbc,
  0x67, 0x21, 0x4b, 0xbe, 0x90, 0xae, 0x3f, 0xbd, 0x84, 0x1a, 0xb7, 0xbe,
  0x4e, 0x3d, 0x09, 0x3e, 0x01, 0xbb, 0x59, 0xbe, 0x19, 0x1a, 0xb7, 0xbe,
  0x88, 0xae, 0xa5, 0x3b, 0x82, 0x39, 0xbc, 0x3c, 0x0e, 0xbe, 0x06, 0xbe,
  0xd2, 0x81, 0x95, 0x3e, 0xe0, 0x75, 0xa8, 0xbd, 0x04, 0xc7, 0xb6, 0xbe,
  0xf0, 0xae, 0xef, 0x3c, 0x33, 0x1c, 0x22, 0xbc, 0x9b, 0x4e, 0xf7, 0xbd,
  0x14, 0x28, 0x3c, 0x3e, 0x8d, 0xc9, 0xae, 0xbe, 0xf0, 0x1a, 0x84, 0xbd,
  0xb6, 0x7c, 0xad, 0xbe, 0x73, 0xde, 0xc5, 0x3e, 0xc6, 0x01, 0x01, 0xbf,
  0x88, 0xb4, 0x05, 0xbf, 0xa4, 0x5f, 0x4c, 0x3e, 0x4e, 0x85, 0xb1, 0xbd,
  0xeb, 0x4d, 0x5b, 0xbe, 0x4a, 0xf5, 0x44, 0xbf, 0xc2, 0x33, 0x6d, 0xbe,
  0xa7, 0xd4, 0x1c, 0xbe, 0x2f, 0xde, 0x8c, 0x3e, 0x8e, 0xeb, 0x56, 0x3e,
  0x91, 0xd3, 0x4b, 0x3e, 0x96, 0xfe, 0xd0, 0x3d, 0x0f, 0x09, 0x60, 0xbd,
  0xc8, 0xe2, 0x69, 0xbe, 0xd9, 0x26, 0x1e, 0xbe, 0x38, 0xf8, 0x57, 0xbe,
  0xf2, 0xf1, 0xe8, 0xbe, 0x4b, 0xe5, 0xe0, 0xbe, 0xd2, 0x73, 0xa4, 0x3d,
  0x91, 0xe8, 0x9a, 0xbd, 0xd4, 0x6b, 0x17, 0xbf, 0x02, 0x82, 0x82, 0x3e,
  0x59, 0x41, 0xf2, 0xbb, 0x4d, 0x23, 0xbe, 0xbe, 0x48, 0x1c, 0xc2, 0x3d,
  0x32, 0x26, 0xa3, 0xbe, 0x2a, 0xc7, 0x11, 0x3e, 0x48, 0x09, 0x6c, 0x3e,
  0xd8, 0x93, 0xb3, 0xbe, 0x6b, 0x4c, 0xb3, 0xbd, 0x18, 0xbb, 0x67, 0xbe,
  0xf8, 0x01, 0x41, 0xbe, 0x3b, 0x8a, 0x11, 0x3e, 0x94, 0xf9, 0x04, 0xbf,
  0x77, 0x03, 0x96, 0xbe, 0x7c, 0x3a, 0x27, 0xbd, 0xfe, 0x83, 0x58, 0x3d,
  0xb7, 0x60, 0x26, 0x3f, 0x43, 0xa6, 0xcc, 0xbd, 0xc6, 0xce, 0x81, 0xbd,
  0x6b, 0xe6, 0x19, 0x3e, 0x02, 0x83, 0x1c, 0x3e, 0xae, 0x73, 0xa2, 0x3d,
  0x43, 0x12, 0xfe, 0x3e, 0x45, 0x69, 0x2f, 0xbe, 0xb7, 0x96, 0x23, 0xbe,
  0x67, 0x1b, 0x62, 0x3c, 0x45, 0x7c, 0xec, 0xbd, 0x7d, 0x35, 0x91, 0xbe,
  0x43, 0x2a, 0x0c, 0xbe, 0xd0, 0x82, 0x33, 0xbd, 0x2d, 0x14, 0x7d, 0xbe,
  0x54, 0xd1, 0x5b, 0x3d, 0x3e, 0x30, 0xaa, 0x3e, 0x0e, 0x02, 0x88, 0xbd,
  0x09, 0x79, 0xd9, 0xbe, 0xff, 0x83, 0x4f, 0x3e, 0x89, 0x1c, 0x5e, 0x3e,
  0x36, 0x97, 0xd2, 0x3e, 0xb1, 0x18, 0x5d, 0x3d, 0xed, 0x17, 0xa2, 0x3d,
  0xf7, 0x66, 0xfc, 0xbb, 0x14, 0xf4, 0x2e, 0xbd, 0x57, 0x7b, 0x58, 0x3e,
  0x6e, 0xe1, 0x8b, 0x3e, 0x51, 0x4e, 0x07, 0xbf, 0xd7, 0xa2, 0xb2, 0x3e,
  0x3a, 0x25, 0x36, 0xbe, 0x31, 0x3f, 0x20, 0xbe, 0xb8, 0xb1, 0x08, 0xbd,
  0xbd, 0xb1, 0xc7, 0x3e, 0x4e, 0x3e, 0x6f, 0xbe, 0x9c, 0x5e, 0xa0, 0xbc,
  0x47, 0x95, 0xb1, 0x3d, 0xdf, 0x51, 0x57, 0x3e, 0x31, 0xd4, 0x16, 0xbe,
  0x26, 0xaf, 0x83, 0xbe, 0xbd, 0xb4, 0xa1, 0x3d, 0xec, 0x01, 0x46, 0xbd,
  0x2e, 0xf0, 0x69, 0x3e, 0xc7, 0x26, 0x40, 0x3d, 0xf2, 0x49, 0xe4, 0xbe,
  0x0d, 0x21, 0xab, 0xbc, 0x64, 0xd4, 0x0b, 0xbe, 0x69, 0xc1, 0x94, 0xbc,
  0xaa, 0x0d, 0x2c, 0x3e, 0xcf, 0xf2, 0xd9, 0xbd, 0xdc, 0xcf, 0xf4, 0xbd,
  0x94, 0x4b, 0xbd, 0xbc, 0x60, 0x36, 0x0e, 0xbe, 0xf1, 0x11, 0x67, 0xbd,
  0x11, 0x92, 0xa6, 0xbc, 0xa7, 0x81, 0xe1, 0xbd, 0x8b, 0x0c, 0xa8, 0x3d,
  0x4a, 0x33, 0xcf, 0x3c, 0xfd, 0x0c, 0x87, 0x3d, 0xcc, 0x9b, 0x20, 0xbf,
  0xbf, 0x00, 0x29, 0xbf, 0x6b, 0x9f, 0x01, 0xbd, 0x0c, 0x22, 0x06, 0xbe,
  0x66, 0x25, 0xd3, 0xbe, 0x0a, 0xf4, 0x99, 0xbf, 0xcb, 0x84, 0x2b, 0xbe,
  0xb7, 0xd1, 0x87, 0xbe, 0xa8, 0xf5, 0xa7, 0x3d, 0xa4, 0x6a, 0x92, 0x3c,
  0xac, 0x62, 0xc9, 0x3c, 0xdb, 0x66, 0x29, 0xbd, 0x43, 0xba, 0xdb, 0xbb,
  0x17, 0xe9, 0x8f, 0x3d, 0x76, 0x4b, 0x2f, 0x3e, 0x71, 0x1e, 0x28, 0x3e,
  0xb1, 0x49, 0x5e, 0x3d, 0xa3, 0xea, 0x73, 0xbe, 0x79, 0x51, 0x01, 0xbf,
  0xd6, 0xd7, 0x47, 0x3d, 0x30, 0x2e, 0x0e, 0x3e, 0xce, 0x6e, 0xdf, 0xbe,
  0xef, 0xf5, 0xca, 0x3d, 0xa3, 0x55, 0xfb, 0xbe, 0xcc, 0xa1, 0xb4, 0xbe,
  0x98, 0xf0, 0x74, 0xbd, 0xe9, 0x95, 0x66, 0xbe, 0x7e, 0x5c, 0xe2, 0x3c,
  0xf2, 0xef, 0x4a, 0x3a, 0xe1, 0x66, 0x21, 0x3d, 0xa7, 0xab, 0x95, 0x3e,
  0x1e, 0x50, 0x3c, 0x3e, 0x5e, 0xc3, 0x33, 0xbe, 0xc0, 0x01, 0xa0, 0xbe,
  0x9a, 0x00, 0xa8, 0xbe, 0x14, 0xaa, 0xb9, 0x3d, 0xd9, 0xd1, 0x97, 0x3d,
  0x55, 0x60, 0x38, 0x3d, 0x8d, 0x31, 0x1b, 0xbe, 0x91, 0xa8, 0x9c, 0xbe,
  0x87, 0x03, 0xbc, 0xbe, 0x42, 0xac, 0x0f, 0xbe, 0xe8, 0x1c, 0xab, 0x3e,
  0xe7, 0xb3, 0x0b, 0xbe, 0xba, 0x25, 0x8a, 0xbd, 0x0a, 0xb8, 0x6b, 0xbe,
  0x16, 0x4a, 0xfe, 0x3c, 0xdf, 0xb8, 0x99, 0x3d, 0xa4, 0x03, 0x3b, 0x3e,
  0x5c, 0x29, 0x0b, 0xbf, 0x92, 0x8c, 0xa9, 0xbd, 0x51, 0xc4, 0x7d, 0x3c,
  0x2f, 0xd5, 0x2b, 0x3e, 0xa6, 0xd8, 0xea, 0xbd, 0x7c, 0x8f, 0x2d, 0xbe,
  0x16, 0x98, 0xd6, 0xbe, 0x48, 0xdc, 0xe0, 0xbe, 0xf1, 0xc0, 0x8b, 0xbe,
  0xe2, 0x04, 0x03, 0xbf, 0xde, 0xb3, 0xc7, 0xbc, 0x26, 0xf6, 0x36, 0x3d,
  0x10, 0xe4, 0x8b, 0x3e, 0xa6, 0x5c, 0x17, 0x3d, 0x0f, 0x4b, 0x5e, 0x3c,
  0x81, 0xc1, 0x2b, 0xbf, 0x2e, 0x85, 0x9f, 0xbd, 0xc1, 0xe1, 0x24, 0xbd,
  0xde, 0xca, 0xbf, 0x3d, 0x9d, 0x58, 0xaa, 0x3d, 0x93, 0x28, 0xd9, 0x3d,
  0x75, 0x28, 0xcf, 0x3d, 0x1e, 0x83, 0x66, 0x3e, 0xbb, 0x84, 0x6f, 0xbc,
  0x22, 0x9f, 0x8d, 0xbe, 0x68, 0xc1, 0x9f, 0xbe, 0x08, 0xbd, 0x1a, 0xbd,
  0xe3, 0x24, 0x6e, 0x3e, 0x64, 0xa7, 0x59, 0x3e, 0x96, 0xd3, 0x82, 0xbd,
  0x4e, 0x2d, 0x04, 0x3e, 0xdd, 0x03, 0xff, 0xbe, 0xb2, 0xb9, 0x8a, 0x3d,
  0xca, 0xc4, 0xb7, 0xbe, 0x01, 0x45, 0x5e, 0x3e, 0xb4, 0xcb, 0x2e, 0x3e,
  0xaf, 0x8f, 0x03, 0xbe, 0xe9, 0x36, 0x39, 0x3e, 0x87, 0xc2, 0xa5, 0x3d,
  0x2a, 0xb1, 0x6c, 0xbd, 0xd3, 0x91, 0x94, 0xbe, 0xb5, 0x67, 0x0d, 0x3e,
  0x3b, 0x00, 0x31, 0xbe, 0xba, 0xbf, 0xdb, 0x3d, 0xfc, 0x71, 0xd6, 0xb9,
  0x02, 0x84, 0x88, 0x3e, 0x93, 0x57, 0xca, 0xbd, 0xf3, 0xb4, 0x2f, 0xbf,
  0xd0, 0x3f, 0xb4, 0x3e, 0xaf, 0x1f, 0x9b, 0xbe, 0xd2, 0x2b, 0x6e, 0x3e,
  0x30, 0x44, 0x41, 0x3c, 0x35, 0xe2, 0x9d, 0xbe, 0x5b, 0xb0, 0x20, 0x3e,
  0x5e, 0xb2, 0x07, 0xbd, 0x25, 0x96, 0x93, 0xbd, 0x6b, 0x72, 0xbe, 0xbe,
  0x54, 0x6c, 0xaa, 0xbe, 0xbc, 0x28, 0x3f, 0xbe, 0x24, 0x48, 0x95, 0xbb,
  0x61, 0xde, 0x45, 0x3d, 0xa4, 0x7a, 0x42, 0xbe, 0xf5, 0xb2, 0x14, 0xbd,
  0x24, 0x7f, 0x2a, 0xbf, 0xe9, 0x9c, 0xfb, 0xbe, 0xb0, 0x20, 0x9a, 0x3d,
  0x45, 0x6f, 0x0f, 0xbe, 0xd0, 0xc3, 0x8f, 0xbe, 0x3e, 0x3b, 0xc0, 0xbe,
  0x97, 0x26, 0x13, 0x3e, 0x23, 0x3a, 0xec, 0x3d, 0x21, 0x81, 0x43, 0x3e,
  0xd9, 0x83, 0xeb, 0xbd, 0x3a, 0xe7, 0xee, 0x3d, 0x73, 0x82, 0xe0, 0xbe,
  0x49, 0x1a, 0xf1, 0x3c, 0x08, 0x11, 0x4f, 0xbe, 0xc0, 0x30, 0x8c, 0xbe,
  0x73, 0x50, 0x77, 0xbd, 0x97, 0x0a, 0x98, 0xbf, 0x3e, 0x6d, 0x0e, 0xbf,
  0xab, 0x39, 0xb6, 0xbd, 0x01, 0xa7, 0xbd, 0x3d, 0x63, 0xbe, 0x10, 0xbd,
  0xa9, 0xec, 0x0c, 0xbf, 0xfb, 0xe4, 0x60, 0xbc, 0xc7, 0x7f, 0x1a, 0xbf,
  0xa7, 0x51, 0x3f, 0xbe, 0xe4, 0x1b, 0x8c, 0x3d, 0x49, 0xbd, 0x40, 0x3e,
  0xc2, 0x8a, 0x92, 0xbe, 0xc3, 0xf4, 0x29, 0xbd, 0x22, 0xf1, 0x76, 0xbd,
  0x64, 0xc0, 0xa0, 0xbd, 0xab, 0x23, 0xa9, 0x3c, 0xf6, 0xbc, 0x2e, 0xbf,
  0x4d, 0x9a, 0x8f, 0x3e, 0xed, 0xbc, 0xa5, 0xbd, 0x57, 0x95, 0x86, 0x3e,
  0x6d, 0xe7, 0x6e, 0xbe, 0x6f, 0x55, 0x46, 0xbf, 0xca, 0x99, 0x63, 0xbe,
  0xe0, 0x73, 0xee, 0xbe, 0x74, 0xc3, 0x44, 0xbe, 0xdf, 0x88, 0x6b, 0xbe,
  0x2f, 0x48, 0x87, 0x3e, 0xd1, 0x31, 0x7f, 0xbe, 0xc4, 0x18, 0x4e, 0xbe,
  0xed, 0xf2, 0x83, 0xbe, 0x62, 0x9a, 0x1b, 0x3e, 0xd2, 0x34, 0xa5, 0xbc,
  0xda, 0xac, 0x86, 0xbe, 0x20, 0x44, 0xf9, 0x3e, 0xf2, 0x1d, 0x22, 0x3e,
  0x34, 0xc9, 0xaa, 0x3d, 0x40, 0x3d, 0x74, 0x3d, 0x9f, 0xf2, 0xcd, 0xbe,
  0x9d, 0xbb, 0x51, 0x3e, 0x5f, 0xaa, 0x51, 0x3d, 0x06, 0x6b, 0x35, 0xbe,
  0xd7, 0x77, 0xb1, 0xbd, 0x6d, 0xb3, 0x0a, 0x3e, 0x42, 0x84, 0xc7, 0xbd,
  0x08, 0x6e, 0x03, 0xbe, 0x7c, 0xdb, 0x71, 0xbe, 0x47, 0xfe, 0x1a, 0x3e,
  0x45, 0x65, 0x52, 0x3d, 0x7b, 0x04, 0x5f, 0xbf, 0x88, 0xb2, 0x78, 0x3e,
  0x9a, 0x6c, 0x90, 0x3e, 0xdb, 0xd9, 0xac, 0x3d, 0xb9, 0x7b, 0x6c, 0xbc,
  0x93, 0x5f, 0xca, 0xbd, 0xb3, 0xf9, 0x44, 0xbc, 0x55, 0x7e, 0xdd, 0x3e,
  0xed, 0xdd, 0x8f, 0xbe, 0x01, 0x16, 0x23, 0xbe, 0x86, 0xde, 0x16, 0xbe,
  0x44, 0xcd, 0x6e, 0xbe, 0x29, 0x69, 0xd1, 0x3c, 0x55, 0x2e, 0xf6, 0x3d,
  0xf0, 0xfd, 0x5e, 0x3e, 0xb1, 0x6e, 0x8d, 0xbd, 0x9a, 0x99, 0x73, 0xbf,
  0x5b, 0xb1, 0x88, 0x3d, 0x89, 0x92, 0x68, 0x3e, 0x73, 0x0e, 0x22, 0xbe,
  0x31, 0x16, 0xc4, 0x3b, 0x37, 0x9e, 0xc6, 0xbe, 0x17, 0xdf, 0x21, 0x3e,
  0x4f, 0x46, 0x6e, 0x3e, 0x8f, 0xee, 0x8d, 0xbe, 0xdc, 0xa6, 0xce, 0xbd,
  0xfb, 0xd5, 0x2e, 0xbd, 0xf3, 0xce, 0x31, 0x3d, 0xce, 0x64, 0x3d, 0x3c,
  0x65, 0x36, 0xcc, 0xbd, 0x7d, 0x21, 0x86, 0x3d, 0x94, 0x3c, 0x10, 0xbd,
  0x3a, 0x44, 0xf3, 0xbc, 0xb2, 0x3f, 0x65, 0x3e, 0x86, 0xb3, 0x3f, 0xbd,
  0xdc, 0x5f, 0xae, 0xbd, 0x2f, 0xac, 0xcb, 0xbd, 0x12, 0xfc, 0x58, 0xbe,
  0x63, 0x31, 0xa9, 0x3c, 0x86, 0x65, 0xf6, 0x3d, 0x16, 0x87, 0xe1, 0xbd,
  0x1c, 0xe1, 0x19, 0xbe, 0x8f, 0x3e, 0x6f, 0x3b, 0x1c, 0xcb, 0x74, 0x3e,
  0xeb, 0x68, 0x3f, 0xbe, 0xe7, 0xaa, 0x12, 0x3e, 0xef, 0x6a, 0x08, 0x3e,
  0xdc, 0xee, 0x88, 0x3d, 0x22, 0x5d, 0x77, 0xbe, 0xc9, 0x36, 0x45, 0x3e,
  0xf3, 0x22, 0xd4, 0x3e, 0xec, 0x9f, 0xb0, 0xbd, 0xbc, 0xb6, 0x9e, 0xbd,
  0x88, 0x5a, 0x11, 0xbf, 0x42, 0x13, 0x0d, 0xbf, 0x52, 0x9f, 0x6d, 0x3e,
  0x23, 0x66, 0xd9, 0x3c, 0xd2, 0xa8, 0x83, 0x3e, 0x76, 0x2f, 0x54, 0x3d,
  0x04, 0xb0, 0x56, 0x3e, 0x28, 0x3b, 0xdb, 0x3d, 0x4e, 0x76, 0x48, 0xbe,
  0x16, 0x68, 0xab, 0x3e, 0xfc, 0xd6, 0x8f, 0xbd, 0x97, 0x09, 0x8a, 0xbf,
  0x03, 0x97, 0x4e, 0x3e, 0xe0, 0x77, 0x3b, 0xbe, 0xa1, 0xc2, 0x83, 0x3d,
  0x80, 0xcb, 0xaa, 0xbe, 0x89, 0x22, 0x85, 0xbf, 0x0f, 0xb0, 0xc1, 0xbe,
  0x0b, 0x76, 0x39, 0x3e, 0x50, 0x0a, 0x25, 0x3e, 0x5a, 0x47, 0x9b, 0x3d,
  0x6c, 0x82, 0x96, 0xbe, 0x87, 0x2b, 0x96, 0x3d, 0xdf, 0x28, 0x4a, 0xbe,
  0xc0, 0x85, 0x29, 0xbd, 0x89, 0x7f, 0x36, 0x3d, 0x91, 0x56, 0x01, 0xbe,
  0xb8, 0xcc, 0x0e, 0xbf, 0xbd, 0xcb, 0x18, 0xbe, 0x23, 0x2c, 0x25, 0x3e,
  0x41, 0xa0, 0x34, 0xbe, 0x13, 0x20, 0x29, 0xbd, 0xab, 0xa8, 0xfa, 0xbd,
  0xa2, 0x98, 0x2d, 0xbd, 0x13, 0x28, 0xf5, 0x3d, 0x84, 0x9d, 0xdb, 0xbd,
  0xfd, 0xaf, 0x2d, 0xbe, 0xef, 0xc0, 0xa5, 0x3d, 0x8b, 0x01, 0x60, 0x3e,
  0x73, 0xbe, 0x01, 0x3e, 0xba, 0x20, 0x36, 0x3e, 0x86, 0x80, 0x1b, 0x3e,
  0x7c, 0x78, 0x2d, 0xbd, 0x44, 0x25, 0xd6, 0xbe, 0x47, 0x2a, 0x33, 0xbe,
  0x86, 0xc3, 0x93, 0x3e, 0x7a, 0x67, 0x66, 0xbe, 0x4c, 0xeb, 0x3e, 0x3d,
  0xb1, 0x88, 0xfd, 0xbe, 0xc3, 0x6e, 0xf4, 0xbc, 0x80, 0xf4, 0x2c, 0x3e,
  0x0d, 0x15, 0x04, 0x3e, 0x34, 0xa2, 0x15, 0xbe, 0x1d, 0x0f, 0x6e, 0xbd,
  0x73, 0xb2, 0x89, 0x3d, 0x1b, 0x0b, 0x19, 0xbe, 0x95, 0x0c, 0xd4, 0xbd,
  0xfa, 0x00, 0x69, 0xbe, 0x39, 0x0d, 0xb1, 0xbd, 0x1b, 0x22, 0x7d, 0xbf,
  0x09, 0xb5, 0xb2, 0xbe, 0x9a, 0x0f, 0x5e, 0xbe, 0x01, 0xf9, 0x27, 0x3e,
  0x89, 0xbb, 0x81, 0xbd, 0x31, 0xf6, 0x71, 0xbf, 0x81, 0x85, 0xe3, 0xbd,
  0xb6, 0xa4, 0xa7, 0xbe, 0xce, 0xec, 0xdc, 0xbd, 0xa2, 0x68, 0xd9, 0xbd,
  0xab, 0x8e, 0xee, 0xbe, 0xd4, 0x05, 0x45, 0x3d, 0xad, 0x12, 0xa3, 0x3e,
  0xe0, 0x58, 0x30, 0x3e, 0xb6, 0x54, 0xb7, 0x3e, 0x10, 0x01, 0x42, 0xbe,
  0x1a, 0xb9, 0xc7, 0x3d, 0x21, 0x93, 0xf7, 0xbd, 0xe5, 0x1e, 0x8c, 0xbe,
  0xaf, 0xea, 0x1e, 0x3e, 0xae, 0xe9, 0xcf, 0xbe, 0x4a, 0xbc, 0x6c, 0x3e,
  0xb9, 0x05, 0xe3, 0xbc, 0xd5, 0xf7, 0x12, 0x3f, 0xcf, 0xc7, 0x46, 0x3d,
  0xf2, 0xed, 0x91, 0xbe, 0xb8, 0xeb, 0xe5, 0xbd, 0x46, 0x05, 0x58, 0xbd,
  0xc8, 0xdc, 0x1b, 0x3d, 0x95, 0xbe, 0x89, 0x3b, 0x35, 0xf4, 0x8c, 0x3d,
  0x4b, 0x49, 0xbf, 0x3b, 0x85, 0xc7, 0x5e, 0xbe, 0xee, 0xcf, 0x00, 0xbe,
  0x04, 0x41, 0x8b, 0x3d, 0xf3, 0xc6, 0x5e, 0x3e, 0xef, 0xf6, 0x80, 0xbe,
  0x9d, 0x20, 0xfc, 0xbe, 0xe6, 0x34, 0xaf, 0xbd, 0x80, 0x35, 0xbd, 0x3e,
  0x95, 0xcb, 0x9f, 0x3d, 0x62, 0x38, 0x83, 0xbe, 0x6f, 0xbb, 0x88, 0xbe,
  0xb6, 0x45, 0x9c, 0xbd, 0x23, 0x5e, 0x20, 0x3e, 0x96, 0xb3, 0x89, 0x3c,
  0x64, 0xdd, 0x49, 0x3e, 0x91, 0xbf, 0x18, 0x3d, 0x09, 0x6a, 0xbd, 0xbe,
  0x22, 0x73, 0x1e, 0x3c, 0x1c, 0x12, 0x5f, 0xbe, 0x03, 0x91, 0x1b, 0x3e,
  0xbb, 0x7a, 0xf3, 0xbd, 0x56, 0xa6, 0x6f, 0xbf, 0x64, 0x6c, 0x8f, 0xbc,
  0xce, 0x03, 0x4a, 0x3e, 0x75, 0x1e, 0x07, 0xbe, 0xcc, 0xf6, 0xb1, 0xbe,
  0xa0, 0xf1, 0x39, 0xbf, 0x93, 0xc2, 0xf8, 0xbc, 0xdd, 0x4c, 0xc3, 0xbd,
  0x4a, 0x8c, 0x79, 0x3e, 0xa5, 0xc7, 0x44, 0x3d, 0x3f, 0x29, 0x42, 0x3d,
  0xf7, 0x61, 0xb9, 0xbe, 0x67, 0xca, 0xfb, 0xbd, 0x2f, 0x3b, 0x77, 0xbe,
  0x66, 0x92, 0x85, 0x3d, 0x55, 0x31, 0x79, 0x3d, 0x3e, 0xea, 0xbe, 0x3d,
  0x1e, 0x35, 0x0e, 0x3e, 0x14, 0x73, 0x85, 0x3e, 0x06, 0x36, 0x98, 0x3d,
  0x38, 0xf1, 0x41, 0xbd, 0x97, 0xa7, 0x76, 0xbe, 0x4d, 0x27, 0xe6, 0xbc,
  0x64, 0x6b, 0xac, 0x3e, 0xde, 0x24, 0x0d, 0x3e, 0xa4, 0xdd, 0x8b, 0xbe,
  0x7e, 0x8b, 0xc9, 0x3d, 0x9d, 0x7e, 0xa3, 0xbe, 0xf6, 0x3f, 0x91, 0xbd,
  0x04, 0x0f, 0xdd, 0xbe, 0xd8, 0x17, 0x07, 0x3e, 0x71, 0x1e, 0x6b, 0x3d,
  0x50, 0x74, 0x8c, 0xbe, 0xcf, 0x08, 0x95, 0x3d, 0x3c, 0x56, 0x45, 0xbc,
  0xad, 0x7a, 0x1b, 0xbe, 0x0b, 0xf5, 0x71, 0xbe, 0x9a, 0xec, 0x36, 0x3e,
  0x40, 0x54, 0x2f, 0xbd, 0x40, 0xc3, 0xeb, 0x3c, 0x5e, 0xd3, 0xff, 0xbd,
  0xbe, 0x7e, 0x17, 0x3e, 0x49, 0xab, 0xec, 0x3d, 0xbb, 0x9c, 0xc4, 0xbe,
  0x48, 0x4c, 0x0b, 0x3f, 0x2f, 0xb6, 0x57, 0xbd, 0x88, 0xcb, 0x21, 0x3e,
  0x59, 0xe4, 0x30, 0xbc, 0xf5, 0xe0, 0x8a, 0xbd, 0xe4, 0x3d, 0x2c, 0x3e,
  0x78, 0x1d, 0x40, 0x3e, 0x61, 0x5a, 0x9e, 0xbd, 0xe6, 0xc4, 0x78, 0xbe,
  0xda, 0xc4, 0xde, 0xbd, 0x99, 0xb2, 0x2a, 0xbe, 0xc1, 0xc5, 0xf5, 0xbd,
  0x12, 0x1b, 0x3d, 0x3e, 0x11, 0x85, 0x71, 0xbb, 0xc7, 0x49, 0xec, 0xbc,
  0xf2, 0x14, 0x3f, 0xbe, 0x03, 0x07, 0x71, 0x3c, 0x23, 0x70, 0x13, 0x3e,
  0x59, 0x3c, 0x1f, 0xbd, 0xd3, 0xf0, 0x65, 0xbe, 0x12, 0x86, 0x4a, 0xbf,
  0x06, 0xa3, 0x03, 0x3e, 0xa8, 0xb6, 0x73, 0x3e, 0x27, 0xa1, 0x06, 0xbd,
  0xae, 0x3b, 0x6f, 0xbe, 0x13, 0xc9, 0x31, 0x3e, 0xc3, 0xa0, 0x66, 0xbe,
  0xbe, 0xdd, 0x21, 0xbe, 0x1e, 0x05, 0x5b, 0xbe, 0x26, 0x74, 0x04, 0x3e,
  0x2f, 0xdf, 0x85, 0xbd, 0x37, 0x25, 0x58, 0xbf, 0xf7, 0x6d, 0xf4, 0xbe,
  0x0c, 0xae, 0x89, 0x3e, 0x36, 0xc4, 0x19, 0x3b, 0x74, 0xc1, 0xae, 0xbd,
  0xdf, 0xdd, 0x66, 0xbf, 0x5e, 0xe5, 0x40, 0xbc, 0xb6, 0x6a, 0x16, 0xbf,
  0xa4, 0x82, 0x71, 0xbe, 0xff, 0xc6, 0xdf, 0x3d, 0x83, 0x8b, 0x25, 0x3e,
  0x4b, 0x91, 0x2a, 0xbe, 0x42, 0x44, 0x83, 0xbd, 0x92, 0xbe, 0x33, 0xbd,
  0x86, 0x6d, 0x21, 0xbd, 0x5d, 0xc6, 0xc2, 0x3d, 0x2d, 0xde, 0xd3, 0xbe,
  0xd3, 0x82, 0x35, 0xbd, 0xc5, 0xab, 0xc2, 0x3d, 0x70, 0x19, 0x13, 0x3e,
  0xf8, 0x53, 0x45, 0xbe, 0xe8, 0x1d, 0x69, 0xbf, 0x75, 0xae, 0x62, 0xbe,
  0x74, 0x39, 0x88, 0xbe, 0x8e, 0x0c, 0x33, 0xbe, 0x66, 0x93, 0x24, 0xbe,
  0x25, 0x69, 0xec, 0xbc, 0x1c, 0xf7, 0x27, 0xbe, 0xb3, 0x7c, 0xc6, 0x3d,
  0x2c, 0x83, 0xca, 0xbe, 0x17, 0x34, 0xe7, 0x3c, 0x0c, 0x28, 0x9f, 0x3d,
  0x42, 0x6b, 0xc4, 0xbe, 0x69, 0x93, 0x8c, 0x3e, 0xc7, 0xb6, 0x1e, 0xbe,
  0x70, 0xd5, 0xec, 0x3d, 0x16, 0x73, 0x10, 0x3e, 0xba, 0x93, 0x63, 0xbf,
  0x65, 0x22, 0x85, 0x3c, 0x05, 0xda, 0x76, 0x3e, 0x8b, 0x2a, 0x47, 0xbe,
  0xf6, 0x89, 0xc2, 0x3b, 0x73, 0x3a, 0x2d, 0x3e, 0x7b, 0xf6, 0x91, 0x3d,
  0xfa, 0x65, 0x5c, 0xbd, 0x97, 0x44, 0x09, 0xbe, 0x62, 0xc4, 0xe5, 0x3e,
  0xa9, 0x87, 0xc8, 0xbd, 0xf1, 0xa0, 0xbd, 0xbe, 0x11, 0xca, 0x7e, 0x3d,
  0x68, 0x86, 0xb1, 0x3c, 0x1c, 0x31, 0x08, 0x3e, 0x72, 0x2c, 0x8e, 0x3d,
  0x6d, 0xaa, 0xd5, 0xbe, 0x19, 0xff, 0x4a, 0x3d, 0x8b, 0x00, 0xfb, 0x3e,
  0x37, 0x75, 0x5e, 0xbe, 0xf0, 0xb6, 0x25, 0x3d, 0xcd, 0x28, 0xaf, 0xbe,
  0x65, 0x92, 0x0d, 0xbe, 0x13, 0x38, 0x4a, 0x3e, 0x3f, 0x6e, 0x7d, 0xbd,
  0x6a, 0xce, 0xb4, 0xbe, 0x5f, 0x40, 0xbb, 0xbd, 0xd0, 0xd1, 0x16, 0xbf,
  0xdf, 0xe3, 0x0b, 0xbd, 0xaf, 0xb6, 0x23, 0xbd, 0xb0, 0x3f, 0x10, 0xbe,
  0x7d, 0x74, 0x97, 0xbd, 0x8e, 0x10, 0xa0, 0xbf, 0xea, 0xec, 0x20, 0x3e,
  0xb1, 0xd7, 0xb1, 0xbc, 0x0b, 0x84, 0xd4, 0xbe, 0x4f, 0xc0, 0x00, 0x3c,
  0x8b, 0x85, 0x41, 0x3e, 0xde, 0x6b, 0xa5, 0x3e, 0x96, 0xc8, 0x4f, 0x3d,
  0xee, 0x5b, 0x26, 0xbe, 0xa8, 0x7b, 0xd0, 0xb9, 0x04, 0xc2, 0x5d, 0xbe,
  0x53, 0x2b, 0xc5, 0x3e, 0xb4, 0xb8, 0x05, 0xbf, 0xd9, 0x3f, 0xf4, 0x3d,
  0xc1, 0xda, 0x9a, 0xbe, 0xb4, 0x17, 0x73, 0x3a, 0xe7, 0xa3, 0x16, 0x3f,
  0x0f, 0x99, 0xd1, 0xbe, 0x16, 0x4a, 0xc7, 0xbc, 0x87, 0x95, 0x3f, 0x3e,
  0xe1, 0x91, 0xc6, 0x3e, 0x2f, 0x91, 0xc5, 0x3c, 0x2f, 0x92, 0x22, 0x3e,
  0x13, 0xff, 0xc1, 0xbe, 0x46, 0x86, 0xdb, 0xbe, 0xe6, 0xb9, 0x56, 0xbe,
  0xfa, 0x1e, 0xdd, 0xbc, 0xeb, 0x13, 0x17, 0xbf, 0x07, 0x30, 0x36, 0xbf,
  0xf4, 0x42, 0xe7, 0xbe, 0xb7, 0x86, 0xf3, 0xbd, 0x2b, 0xbd, 0x23, 0xbe,
  0xfd, 0x26, 0xd8, 0xbe, 0x9e, 0x5e, 0x7b, 0xbe, 0x9d, 0x2e, 0xdf, 0xbe,
  0x5a, 0x50, 0xce, 0xbd, 0x76, 0x4f, 0x00, 0x3e, 0x9b, 0xeb, 0x28, 0xbd,
  0x6a, 0xab, 0xd2, 0x3e, 0x11, 0x55, 0x3a, 0xbd, 0x04, 0x15, 0x40, 0xbe,
  0xf1, 0x75, 0x30, 0xbd, 0xa5, 0xf4, 0x37, 0x3d, 0xab, 0x97, 0x3e, 0xbf,
  0xa3, 0x60, 0x41, 0xbe, 0x18, 0xb6, 0xd2, 0xbe, 0x98, 0x9f, 0x06, 0xbc,
  0x56, 0xfd, 0xc6, 0xbe, 0xee, 0xef, 0xb7, 0xbe, 0x36, 0xc1, 0x5a, 0xbe,
  0x70, 0x03, 0x1d, 0xbe, 0x15, 0x4d, 0xa0, 0x3e, 0xfe, 0xfd, 0xba, 0x3d,
  0x71, 0x76, 0x74, 0x3e, 0xeb, 0xfe, 0x93, 0x3d, 0x20, 0x80, 0xb7, 0x3d,
  0x9f, 0xd0, 0x40, 0xbe, 0x43, 0xc1, 0x15, 0x3e, 0x32, 0xd5, 0x09, 0x3e,
  0xfd, 0x42, 0xb6, 0xbd, 0xaa, 0x78, 0x14, 0xbf, 0x34, 0x08, 0x1f, 0xbe,
  0xee, 0x3d, 0x49, 0xbe, 0x6c, 0x51, 0x92, 0xbe, 0x58, 0xdc, 0x8d, 0xbe,
  0xcb, 0xba, 0x92, 0x3d, 0x09, 0x01, 0x70, 0xbe, 0x2c, 0x4a, 0xa9, 0x3d,
  0x09, 0xa8, 0x7f, 0xbb, 0x09, 0x58, 0x9b, 0x3d, 0x7b, 0x25, 0x8e, 0x3c,
  0x7c, 0x0e, 0x20, 0x3c, 0x4e, 0x5d, 0xd3, 0x3d, 0xe2, 0xbb, 0x12, 0x3e,
  0xbf, 0x52, 0x7c, 0x3c, 0x6f, 0xfb, 0xa3, 0x3e, 0xab, 0xb7, 0xce, 0xbe,
  0x32, 0xeb, 0x5d, 0xbf, 0xf2, 0x43, 0x3c, 0x3d, 0x5e, 0x90, 0x7a, 0xbd,
  0x2e, 0x07, 0x30, 0x3f, 0x93, 0x43, 0xce, 0xbd, 0x2c, 0xc2, 0x31, 0xbd,
  0xa6, 0xfc, 0xd1, 0x3d, 0xc7, 0x4f, 0x02, 0x3e, 0x02, 0x6d, 0x7e, 0x3d,
  0x8a, 0xb0, 0x19, 0xbe, 0x18, 0x1e, 0xce, 0x3d, 0x42, 0xcd, 0x70, 0x3e,
  0xb2, 0x01, 0xe5, 0x3d, 0x36, 0x68, 0x39, 0x3e, 0x12, 0x74, 0x43, 0xbe,
  0x3a, 0xc5, 0x0e, 0xbf, 0x6d, 0x50, 0x43, 0xbf, 0xb9, 0x78, 0xbb, 0x3d,
  0x8d, 0x1b, 0xa8, 0xbe, 0xe7, 0x3f, 0x22, 0xbf, 0x87, 0x4a, 0x18, 0xbd,
  0x94, 0x3f, 0x3c, 0xbe, 0xef, 0x0a, 0xcd, 0xbd, 0x5f, 0x6d, 0x9e, 0xbd,
  0x63, 0xb3, 0x08, 0x3e, 0x4d, 0x0d, 0x8d, 0xbe, 0x17, 0x13, 0x56, 0x3d,
  0xfe, 0x39, 0x88, 0x3d, 0x3c, 0xb1, 0x4c, 0x3e, 0xf2, 0x9a, 0xa6, 0xbd,
  0x0f, 0x47, 0xa8, 0x3e, 0x14, 0x33, 0xa2, 0xbe, 0xf7, 0xc6, 0xc3, 0xbc,
  0x37, 0x42, 0x08, 0xbe, 0x2f, 0xe8, 0xb4, 0x3e, 0x92, 0xbc, 0xc6, 0xbe,
  0xe5, 0x35, 0x4e, 0x3d, 0xf9, 0xb0, 0x9e, 0xbe, 0x5d, 0x05, 0x9f, 0xbe,
  0x5b, 0x33, 0x9e, 0x3d, 0xff, 0x19, 0x1c, 0x3c, 0x6a, 0x02, 0x9f, 0xbd,
  0xf4, 0x83, 0xb9, 0xbd, 0xf3, 0xb8, 0xaf, 0x3d, 0x46, 0x3d, 0x97, 0x3d,
  0xfb, 0xec, 0xc4, 0x3d, 0xb9, 0xaa, 0x87, 0x3e, 0x05, 0x14, 0x4f, 0xbe,
  0x60, 0xe5, 0x4d, 0xbe, 0x43, 0x54, 0x1d, 0x3e, 0x4d, 0xc1, 0xce, 0x3d,
  0x19, 0x0b, 0xa7, 0x3e, 0x12, 0x1c, 0x13, 0xbd, 0x66, 0xd9, 0x37, 0xbe,
  0xde, 0x70, 0xad, 0xbe, 0xc1, 0xbc, 0x9c, 0xbe, 0x48, 0x49, 0x69, 0x3e,
  0xa3, 0x16, 0xe0, 0xbe, 0xc3, 0xe0, 0x54, 0x3e, 0xaf, 0xb0, 0x8a, 0x3d,
  0x2d, 0xcb, 0x18, 0x3c, 0x7e, 0x58, 0xf1, 0x3d, 0x2f, 0x64, 0x94, 0x3e,
  0x9b, 0x37, 0xca, 0xbe, 0xd0, 0x7f, 0x29, 0xbf, 0x50, 0xdb, 0x3b, 0x3d,
  0xb9, 0x5d, 0xc7, 0xbc, 0xe9, 0xcc, 0xcf, 0xbe, 0x62, 0x46, 0x3e, 0x3d,
  0xd8, 0x60, 0x27, 0x3e, 0x1b, 0x0e, 0xf6, 0xbe, 0x6d, 0xf2, 0x20, 0xbf,
  0x77, 0xde, 0x1b, 0x3e, 0xb6, 0xa0, 0xfa, 0x3e, 0xf3, 0x3b, 0x33, 0xbf,
  0xeb, 0xcd, 0xa0, 0xbe, 0x49, 0xe9, 0x6a, 0x3e, 0xa7, 0xb0, 0x3e, 0xbe,
  0xe6, 0xfa, 0xf7, 0xbe, 0x70, 0x3c, 0x45, 0xbe, 0x07, 0xd1, 0xb7, 0x3e,
  0x48, 0xa4, 0xed, 0xbe, 0x96, 0x82, 0xd9, 0xbd, 0xbe, 0x2b, 0xd0, 0xbd,
  0x81, 0x1d, 0xc2, 0xbe, 0x43, 0xc8, 0x38, 0xbe, 0x32, 0x6f, 0x01, 0x3f,
  0xb3, 0xef, 0x61, 0x3e, 0xd7, 0x27, 0xb7, 0x3b, 0x0b, 0x94, 0xeb, 0x3d,
  0x80, 0x79, 0x8b, 0x3e, 0xc2, 0x01, 0x2e, 0xbe, 0xc0, 0x9a, 0xe3, 0x3d,
  0x8a, 0x41, 0x2d, 0xbe, 0x8e, 0xe1, 0x8f, 0x3d, 0x6f, 0x3a, 0x14, 0xbf,
  0x5f, 0x88, 0xaa, 0xbe, 0xe2, 0x9c, 0x16, 0xbe, 0xc0, 0x88, 0x11, 0x3b,
  0x15, 0xa3, 0xcf, 0x3d, 0xac, 0x10, 0x84, 0xbe, 0x23, 0x07, 0x6e, 0xbe,
  0xf6, 0x6d, 0xa0, 0xbd, 0x2e, 0xbf, 0x62, 0xbe, 0x5d, 0x1e, 0xac, 0xbe,
  0x9f, 0x14, 0x78, 0xbd, 0xd8, 0xec, 0xc8, 0x3c, 0x81, 0x4a, 0xc3, 0xbe,
  0xbb, 0x30, 0xef, 0xbd, 0xc0, 0x54, 0x7d, 0xbd, 0x17, 0x2e, 0x19, 0xbe,
  0xae, 0xcb, 0x96, 0xbe, 0xc7, 0x09, 0xa0, 0xbe, 0x31, 0xdb, 0x91, 0x3e,
  0x47, 0x50, 0x48, 0xbe, 0x65, 0x0c, 0x0c, 0x3e, 0x8c, 0x4d, 0x6c, 0xbe,
  0xfe, 0xaa, 0xef, 0xbe, 0xbc, 0xe1, 0x83, 0xbd, 0xd4, 0x9f, 0x6c, 0xbe,
  0x1a, 0x02, 0x8e, 0x3e, 0xf0, 0xe2, 0x51, 0x3e, 0x92, 0x07, 0x0e, 0xbf,
  0x5d, 0xfc, 0x74, 0x3c, 0x67, 0x80, 0x1a, 0x3e, 0xa3, 0xc5, 0x01, 0x3e,
  0xfc, 0xc3, 0x7d, 0xbe, 0x84, 0xb7, 0x21, 0xbf, 0x38, 0xf4, 0xc5, 0xbe,
  0xf0, 0x70, 0xac, 0xbe, 0x59, 0x36, 0x2f, 0xbe, 0xf7, 0x46, 0xf4, 0x3e,
  0x8f, 0x46, 0x44, 0xbe, 0x91, 0x3b, 0x16, 0xbd, 0xf1, 0x23, 0xfb, 0x3d,
  0x06, 0x38, 0x88, 0x3d, 0x16, 0x2c, 0x15, 0x3e, 0xf7, 0x9a, 0xb9, 0x3d,
  0xda, 0x82, 0x21, 0x3d, 0xe0, 0x7d, 0xac, 0x3d, 0xce, 0x33, 0x03, 0x3d,
  0x52, 0x12, 0xbd, 0xbd, 0xdc, 0xe9, 0x10, 0xbe, 0xa7, 0xdb, 0x36, 0xbf,
  0x1d, 0x50, 0x9c, 0xbe, 0xd8, 0x42, 0xff, 0x3d, 0xbf, 0x9f, 0xd7, 0xbd,
  0x25, 0x2b, 0x1e, 0x3e, 0xa3, 0xcb, 0x6b, 0x3d, 0xc0, 0x07, 0x77, 0xbe,
  0x67, 0x59, 0x57, 0x3c, 0x17, 0xdb, 0xe4, 0x3c, 0x13, 0xce, 0x85, 0xbd,
  0xb1, 0xd1, 0x1f, 0xbe, 0xe9, 0x9a, 0x19, 0x3e, 0xdf, 0x4d, 0xf3, 0x3d,
  0xae, 0x32, 0x56, 0x3e, 0xc5, 0xe9, 0x94, 0x3e, 0x3a, 0x1e, 0x8e, 0x3d,
  0xaf, 0x60, 0x19, 0xbe, 0x80, 0xef, 0x45, 0xbf, 0x54, 0xfc, 0x08, 0x3f,
  0xab, 0xc7, 0x00, 0xbe, 0xfa, 0x55, 0x35, 0x3f, 0x91, 0x26, 0x1c, 0xbe,
  0x65, 0x29, 0x58, 0xbe, 0x7e, 0xda, 0x7c, 0xbd, 0x35, 0x05, 0x31, 0xbd,
  0xa0, 0x08, 0x93, 0xbc, 0x9f, 0xb8, 0xc5, 0x3e, 0x67, 0xeb, 0x70, 0xbe,
  0xc0, 0x9f, 0x58, 0xbe, 0x5c, 0x6a, 0x12, 0xbe, 0xb2, 0xc3, 0x0d, 0x3d,
  0xaf, 0xfd, 0x2d, 0xbf, 0xf0, 0x88, 0xb1, 0xbe, 0x61, 0x43, 0x04, 0xbf,
  0x89, 0xb5, 0xdb, 0xbd, 0x16, 0x8f, 0x66, 0x3e, 0xac, 0x41, 0x35, 0xbf,
  0x49, 0x3e, 0x87, 0xbe, 0x65, 0x3b, 0xc8, 0x3c, 0x41, 0xae, 0x77, 0xbd,
  0xbd, 0xcd, 0xec, 0x3d, 0x7b, 0x7f, 0x60, 0x3d, 0xdf, 0x3b, 0x4d, 0xbe,
  0x76, 0x3f, 0x16, 0x3e, 0xcf, 0x8d, 0x25, 0x3e, 0xf6, 0x0f, 0xc7, 0x3d,
  0x92, 0x61, 0x48, 0xbd, 0x73, 0x8d, 0x43, 0x3e, 0x16, 0x33, 0x2e, 0xbf,
  0x82, 0x45, 0x61, 0xbe, 0x67, 0xec, 0xc6, 0x3c, 0xda, 0x9d, 0x84, 0x3d,
  0xc5, 0xa5, 0x43, 0xbd, 0xaa, 0xfa, 0x83, 0x3c, 0xd1, 0x70, 0x8a, 0xbe,
  0x75, 0x2e, 0xc7, 0xbd, 0x75, 0x3f, 0x48, 0xbe, 0x7a, 0x15, 0x98, 0x3b,
  0x34, 0x30, 0x33, 0xbe, 0x1c, 0x82, 0x54, 0x3e, 0xf1, 0x7b, 0x9f, 0x3e,
  0x2d, 0xd2, 0xf9, 0x3d, 0xec, 0x8b, 0x96, 0x3d, 0x3c, 0xaa, 0xd8, 0x3e,
  0xf6, 0xbb, 0x0c, 0x3b, 0x5b, 0xe7, 0x13, 0xbd, 0x20, 0x07, 0xb1, 0x3e,
  0x0d, 0x99, 0xb6, 0x3d, 0xbf, 0x98, 0x27, 0x3f, 0xa4, 0xdd, 0x12, 0x3e,
  0x98, 0x99, 0xa7, 0xbe, 0xd5, 0xda, 0x4e, 0xbe, 0x74, 0x53, 0x10, 0xbf,
  0x7b, 0x44, 0xb6, 0xbe, 0xe2, 0xfa, 0xb6, 0xbd, 0x36, 0x09, 0xb5, 0x3c,
  0x75, 0xc2, 0x8b, 0x3d, 0xc0, 0x85, 0x3a, 0x3e, 0x17, 0x57, 0x43, 0xbe,
  0xe7, 0xf9, 0x80, 0xbf, 0x84, 0x69, 0xa6, 0xbe, 0x44, 0xfe, 0xa1, 0x3c,
  0x72, 0xe2, 0x21, 0x3e, 0x4a, 0x4e, 0x8f, 0xbe, 0x68, 0xee, 0x63, 0xbf,
  0x18, 0x2e, 0xd6, 0x3d, 0x1a, 0x26, 0x0c, 0xbe, 0xf0, 0xd3, 0x56, 0x3d,
  0xaf, 0x4d, 0x71, 0xbe, 0x1b, 0x3c, 0x0c, 0x3d, 0xde, 0xc5, 0x3b, 0x3e,
  0xea, 0x03, 0x8c, 0xbd, 0x8f, 0xd0, 0x1a, 0x3d, 0x49, 0x37, 0x59, 0x3d,
  0x20, 0xed, 0x2d, 0xbe, 0xce, 0xda, 0x33, 0xbf, 0xb3, 0xb8, 0x8a, 0xbd,
  0x87, 0xb5, 0x63, 0xbc, 0xae, 0xed, 0x28, 0x3e, 0x43, 0x45, 0xf7, 0xbd,
  0x8c, 0xf5, 0x96, 0xbf, 0x4a, 0x17, 0x66, 0x3d, 0x47, 0x8b, 0x89, 0xbe,
  0xd9, 0x71, 0x18, 0x3e, 0x2c, 0x13, 0xc6, 0xbe, 0xc2, 0x68, 0xba, 0x3d,
  0x2e, 0xbf, 0xe6, 0xbe, 0xb0, 0x23, 0xd7, 0xbd, 0x1d, 0x9d, 0x50, 0xbe,
  0x96, 0x55, 0x7f, 0xbd, 0xab, 0x27, 0x5c, 0xbe, 0x2a, 0x6a, 0x41, 0xbf,
  0xa1, 0x76, 0x49, 0xbe, 0xd3, 0x14, 0x28, 0xbf, 0x37, 0xc2, 0x5d, 0x3e,
  0x6d, 0x45, 0x4d, 0xbe, 0x43, 0x91, 0xe9, 0xbd, 0x24, 0x30, 0x15, 0x3d,
  0x51, 0xfe, 0x0c, 0xbf, 0xa9, 0x4e, 0xc5, 0xbe, 0x1b, 0xa0, 0x1f, 0xbf,
  0x04, 0x1d, 0xdd, 0xbe, 0x83, 0xf4, 0x80, 0xbe, 0x1e, 0x28, 0xb0, 0x3d,
  0x25, 0x31, 0x80, 0x3d, 0xe5, 0xed, 0x07, 0x3d, 0xf9, 0xcd, 0xd6, 0xbd,
  0x10, 0x52, 0xa8, 0xbe, 0x68, 0x60, 0xb8, 0xbe, 0xfb, 0x1e, 0xc9, 0xbe,
  0x3a, 0x47, 0x70, 0xbe, 0x79, 0xf9, 0x93, 0xbd, 0x5c, 0xaf, 0x0e, 0xbf,
  0xda, 0xf7, 0x95, 0x3e, 0x45, 0x8f, 0x7a, 0x3e, 0x35, 0x88, 0x1f, 0xbd,
  0xc8, 0x70, 0xae, 0xbe, 0xe9, 0x63, 0x88, 0x3c, 0xd7, 0xcb, 0x75, 0xbd,
  0xbb, 0xd5, 0xfc, 0xbd, 0x2c, 0xa5, 0x04, 0xbe, 0x9a, 0x1d, 0x80, 0xbd,
  0x17, 0xb8, 0x99, 0x3d, 0x62, 0xe5, 0xb5, 0xbd, 0x4d, 0x5e, 0xa5, 0x3e,
  0x9c, 0xd3, 0xb0, 0xbe, 0xb6, 0x62, 0x43, 0x3e, 0x8f, 0x05, 0x06, 0x3e,
  0x0f, 0x70, 0x93, 0xbf, 0x94, 0x21, 0xa3, 0x3d, 0xf5, 0x5a, 0x76, 0x3e,
  0xf2, 0x81, 0xe5, 0xbd, 0x24, 0x32, 0x9e, 0xbd, 0xb1, 0x4c, 0xa4, 0xbd,
  0x15, 0x12, 0x47, 0xbe, 0x92, 0x41, 0x28, 0x3e, 0x15, 0x92, 0x29, 0x3d,
  0x3e, 0x7c, 0x4a, 0x3d, 0xd8, 0x98, 0xd9, 0x3d, 0x47, 0xc4, 0xd0, 0xbd,
  0x75, 0x13, 0x7f, 0x3e, 0xeb, 0xef, 0xc9, 0xbe, 0xab, 0xb9, 0x80, 0x3e,
  0x3c, 0xe2, 0x29, 0xbe, 0xd0, 0x12, 0xc2, 0xbe, 0xea, 0x3e, 0xc4, 0xbc,
  0x97, 0x0c, 0xc8, 0x3e, 0x83, 0xe3, 0x9a, 0xbd, 0x91, 0xaf, 0x7b, 0xbe,
  0x82, 0x74, 0x3c, 0x3e, 0xd0, 0x73, 0x05, 0xbe, 0x8a, 0xb3, 0x99, 0xbe,
  0x25, 0xf5, 0xcd, 0xbc, 0x24, 0xb0, 0x95, 0x3e, 0x84, 0xf9, 0x7f, 0x3b,
  0xbc, 0xbc, 0x71, 0xbf, 0x8a, 0x69, 0x23, 0x3e, 0xf5, 0x6a, 0xd5, 0x3d,
  0x1d, 0xd3, 0xd0, 0xbd, 0x88, 0x9c, 0xa2, 0xbc, 0x64, 0x99, 0x0c, 0xbf,
  0x99, 0x5c, 0xd4, 0x3d, 0x86, 0xf3, 0x3e, 0x3e, 0x43, 0x2f, 0x99, 0xbc,
  0x36, 0x58, 0x95, 0xbe, 0x8b, 0xe9, 0x8d, 0x3e, 0xde, 0xc2, 0x22, 0xbe,
  0x87, 0xa2, 0x02, 0xbe, 0x1e, 0x95, 0xb2, 0x3d, 0x9e, 0xaf, 0x45, 0x3e,
  0x2d, 0x38, 0x6a, 0xbd, 0x1c, 0xb1, 0x26, 0xbf, 0x62, 0x3f, 0xd6, 0x3e,
  0x42, 0x82, 0xc3, 0x3e, 0xb9, 0x02, 0xc7, 0x3d, 0x29, 0x2c, 0xaf, 0x3d,
  0x22, 0x85, 0xaf, 0xbf, 0xc6, 0x76, 0x52, 0xbc, 0x32, 0x99, 0x83, 0x3d,
  0xa2, 0xbb, 0x91, 0x3d, 0x69, 0x06, 0x94, 0x3c, 0x44, 0x04, 0x1c, 0x3e,
  0x38, 0x0a, 0x46, 0xbe, 0x1b, 0x00, 0x37, 0x3d, 0xe8, 0xea, 0x32, 0x3e,
  0xaf, 0xd0, 0x81, 0xbd, 0x84, 0xc4, 0x1e, 0x3e, 0x58, 0x46, 0xd0, 0xbe,
  0x3c, 0xc5, 0xf2, 0xbd, 0xd0, 0x4f, 0x65, 0x3e, 0x40, 0xc7, 0x10, 0x3e,
  0x9b, 0x03, 0x12, 0x3d, 0x4a, 0x68, 0x44, 0xbd, 0x4a, 0x18, 0x82, 0x3e,
  0xeb, 0xbc, 0xd9, 0xbc, 0xa9, 0xa9, 0x9b, 0xbd, 0x47, 0xef, 0x11, 0xbe,
  0x5f, 0x9a, 0xf1, 0xbe, 0x7d, 0xa1, 0x2d, 0xbe, 0xe9, 0x11, 0xb7, 0xbd,
  0xf6, 0xf3, 0xea, 0x3c, 0x93, 0x1c, 0x2e, 0xbe, 0x59, 0xe2, 0xb9, 0x3d,
  0x68, 0xe6, 0x15, 0xbf, 0x80, 0x83, 0x86, 0x3e, 0xc5, 0xc3, 0xb7, 0xbe,
  0x87, 0xea, 0xc7, 0x3d, 0x3c, 0x68, 0xfb, 0x3d, 0x03, 0x2e, 0x3b, 0x3e,
  0x0a, 0x48, 0x1f, 0x3e, 0xcd, 0x1f, 0xf6, 0x3d, 0xd8, 0xd6, 0xcc, 0xbd,
  0x34, 0x84, 0x90, 0xbe, 0x7b, 0xa7, 0x77, 0xbe, 0x1e, 0x12, 0x2f, 0x3c,
  0x86, 0x92, 0x21, 0xbc, 0xdf, 0xa3, 0xc0, 0x3c, 0xdd, 0x2e, 0x9b, 0xbd,
  0x6d, 0x2d, 0x8c, 0x3e, 0x0b, 0x50, 0x16, 0xbf, 0xed, 0x2e, 0x98, 0x3e,
  0xd2, 0xc1, 0x94, 0xbe, 0x98, 0x6e, 0x8b, 0xbb, 0xf4, 0x0a, 0xde, 0x3d,
  0x5a, 0x07, 0x58, 0xbd, 0xb0, 0xbf, 0xc5, 0x3d, 0x3d, 0x99, 0x3e, 0x3c,
  0x7a, 0xcf, 0x9d, 0x3c, 0x45, 0xee, 0x66, 0xbe, 0xf5, 0xe3, 0x32, 0x3e,
  0x7c, 0xe6, 0x81, 0xbc, 0x9c, 0xe9, 0x5e, 0xbe, 0x89, 0x4d, 0x37, 0xbe,
  0xb8, 0x2d, 0xcf, 0x3e, 0x58, 0x13, 0xaa, 0xbd, 0x8a, 0x0c, 0x0a, 0xbf,
  0x2b, 0x5f, 0x3d, 0x3f, 0x4f, 0xa0, 0x80, 0xbd, 0x8e, 0xd6, 0x6b, 0x3e,
  0x39, 0x75, 0xa2, 0xbd, 0x40, 0x97, 0x18, 0xbf, 0x66, 0x77, 0x08, 0x3e,
  0xcb, 0xfc, 0x3e, 0x3e, 0xf1, 0x38, 0x30, 0xbe, 0x66, 0xb6, 0x9d, 0xbe,
  0x50, 0xa3, 0xc4, 0xbd, 0x56, 0x12, 0x93, 0xbe, 0x51, 0xe6, 0x41, 0xbe,
  0x8a, 0x45, 0x8c, 0xbc, 0xb0, 0xf4, 0x62, 0x3e, 0xcd, 0xc3, 0xb6, 0xbd,
  0x9c, 0x4d, 0x27, 0xbf, 0xc1, 0x2e, 0x0b, 0x3e, 0x64, 0xb0, 0xec, 0x3e,
  0xe8, 0xff, 0x0a, 0x3d, 0x9a, 0x69, 0x59, 0xbe, 0xd9, 0xef, 0xb1, 0xbe,
  0x2d, 0xeb, 0x4d, 0x3d, 0xda, 0x3c, 0x2d, 0x3e, 0xa2, 0x91, 0x08, 0xbe,
  0x3e, 0xa1, 0x96, 0xbe, 0xf7, 0x57, 0x81, 0x3d, 0xef, 0xee, 0xb5, 0xbe,
  0xca, 0x5b, 0x28, 0xbe, 0x69, 0x1d, 0xd0, 0x3d, 0xb0, 0xee, 0x0b, 0x3e,
  0x71, 0x09, 0xbd, 0x3b, 0x38, 0x6f, 0xe6, 0xbf, 0xec, 0xb2, 0xe7, 0xbe,
  0x92, 0x3f, 0x89, 0x3d, 0x01, 0x73, 0xd5, 0xbd, 0xa4, 0x6b, 0x93, 0xbc,
  0xc3, 0x02, 0x55, 0xbf, 0xd0, 0xc2, 0x9e, 0x3d, 0xc7, 0xb4, 0xc4, 0xbd,
  0x92, 0x03, 0x38, 0xbe, 0xc6, 0x4c, 0x17, 0x3b, 0x75, 0x80, 0x5a, 0x3e,
  0x66, 0x53, 0xaf, 0xbd, 0xbc, 0x44, 0xa1, 0xbd, 0x59, 0xcf, 0x4e, 0x3d,
  0x9d, 0x0d, 0x78, 0x3c, 0xf3, 0x9d, 0x0c, 0x3e, 0x1e, 0x83, 0xa1, 0xbe,
  0xc6, 0x36, 0x1b, 0x3e, 0xbd, 0xbb, 0x2b, 0xbe, 0x69, 0x7d, 0x2c, 0x3d,
  0xb3, 0x76, 0x47, 0xbd, 0xe7, 0x7e, 0x3a, 0xbf, 0x3b, 0x79, 0x9f, 0xbe,
  0x8b, 0xa9, 0x90, 0xbd, 0xea, 0xb1, 0xa8, 0xbd, 0xd1, 0x92, 0x7d, 0xbe,
  0x4b, 0x58, 0x99, 0xbe, 0x43, 0x5c, 0x62, 0xbe, 0xd2, 0xb7, 0x5f, 0x3e,
  0x0d, 0x78, 0x43, 0xbe, 0xfd, 0xda, 0xed, 0x3d, 0xbc, 0x3b, 0x41, 0xbd,
  0xc3, 0x40, 0x5a, 0xbc, 0x40, 0x30, 0x4f, 0xbe, 0x1b, 0x48, 0xe0, 0x3c,
  0x78, 0xd2, 0x06, 0xbe, 0x04, 0x2a, 0x15, 0x3d, 0x25, 0x68, 0xb7, 0x3d,
  0xf2, 0xeb, 0x76, 0x3e, 0x46, 0x6e, 0x1a, 0x3f, 0x24, 0x1d, 0x2c, 0xbe,
  0x9a, 0x21, 0x1e, 0x3e, 0x6b, 0xea, 0xcf, 0xbd, 0x27, 0xd3, 0x71, 0xbe,
  0x1d, 0xb6, 0x86, 0x3d, 0x08, 0x85, 0x43, 0xbd, 0x61, 0xa8, 0xb1, 0x3e,
  0xa6, 0x5a, 0x88, 0xbd, 0xab, 0x8a, 0xff, 0xbe, 0x0f, 0xca, 0x43, 0x3d,
  0x4a, 0x2a, 0x46, 0xbd, 0x95, 0x97, 0xe6, 0xbd, 0x7d, 0x9a, 0x16, 0xbd,
  0xd5, 0xa1, 0xcd, 0xbe, 0x03, 0xd7, 0x3e, 0x3e, 0x28, 0x17, 0x9e, 0x3e,
  0x53, 0x35, 0xc8, 0xbe, 0x0a, 0x7a, 0x37, 0x3c, 0x5e, 0x9c, 0x8e, 0xbe,
  0x10, 0x98, 0x61, 0xbe, 0xe3, 0x25, 0xb9, 0x3e, 0xa2, 0x5d, 0x47, 0x3e,
  0x34, 0x90, 0x7c, 0x3e, 0x74, 0x65, 0x45, 0xbe, 0x44, 0x66, 0x37, 0xbf,
  0xca, 0x02, 0x56, 0xbe, 0xa8, 0xc8, 0x24, 0xbd, 0x88, 0x8c, 0x8d, 0x3b,
  0x68, 0x1a, 0x36, 0x3d, 0xc7, 0xd7, 0x36, 0xbf, 0x52, 0xef, 0x42, 0x3e,
  0xfe, 0xf5, 0x1a, 0x3e, 0x66, 0xea, 0x16, 0xbf, 0x67, 0x1d, 0x97, 0xbd,
  0xda, 0x87, 0x3c, 0x3e, 0x4c, 0xec, 0xc2, 0x3e, 0xd8, 0xb1, 0x2d, 0xbe,
  0x9a, 0x99, 0x2b, 0x3e, 0xaf, 0x43, 0x11, 0xbe, 0x1e, 0xf1, 0x0c, 0xbe,
  0xab, 0x50, 0x6f, 0x3e, 0xee, 0xe2, 0x1a, 0x3e, 0x51, 0xf8, 0xdb, 0xbe,
  0x42, 0x1d, 0xa4, 0x3d, 0x6a, 0xb5, 0x83, 0x3e, 0x67, 0xf0, 0x3e, 0x3f,
  0xc0, 0xda, 0xe5, 0xbb, 0x11, 0x97, 0x07, 0xbe, 0x94, 0x14, 0x34, 0xbd,
  0x68, 0x85, 0xe2, 0x3e, 0xc6, 0x66, 0xf2, 0x3c, 0x2c, 0xa7, 0xbc, 0xbc,
  0xca, 0xe7, 0x16, 0xbe, 0x7e, 0x3d, 0x1d, 0x3e, 0x1d, 0x59, 0x90, 0xbd,
  0x34, 0x59, 0x1b, 0xbb, 0x20, 0xaf, 0x5f, 0x3e, 0xec, 0x23, 0x42, 0xbd,
  0x4d, 0x61, 0x50, 0xbf, 0xe6, 0x78, 0x6e, 0x3c, 0x6a, 0x4a, 0xa4, 0x3d,
  0xf5, 0xe4, 0x27, 0x3f, 0xa5, 0xb5, 0x03, 0xbb, 0x79, 0xe9, 0x03, 0xbe,
  0x50, 0x3f, 0xa2, 0xbd, 0xb6, 0x1b, 0xdc, 0xbd, 0x22, 0x83, 0xba, 0x3e,
  0x91, 0x4c, 0x1c, 0xbe, 0x13, 0x7a, 0xbe, 0xbd, 0x8e, 0xd1, 0x61, 0x3e,
  0xaa, 0xbc, 0x01, 0x3e, 0x04, 0xd4, 0x0a, 0xbd, 0x49, 0xad, 0xd6, 0xbe,
  0x02, 0xa0, 0xd1, 0xbd, 0x51, 0x90, 0x41, 0xbf, 0xc4, 0x36, 0x05, 0xbd,
  0xc2, 0x09, 0x0a, 0xbe, 0x5c, 0x3a, 0x27, 0x3e, 0x31, 0xc8, 0x85, 0xbc,
  0xd9, 0x96, 0x8a, 0xbe, 0x2e, 0x8f, 0x73, 0xbe, 0x64, 0x7e, 0xcc, 0xbd,
  0x50, 0x0b, 0x2e, 0x3e, 0x49, 0x64, 0x48, 0xbd, 0x8c, 0xa9, 0x3e, 0xbb,
  0x7c, 0xf3, 0x85, 0x3d, 0xeb, 0xaf, 0x69, 0xbe, 0x73, 0xc9, 0x7f, 0xbe,
  0x8a, 0x6e, 0x29, 0x3e, 0x11, 0xbe, 0x63, 0xbe, 0x3f, 0xf7, 0x9b, 0x3d,
  0x60, 0x8c, 0x03, 0xbe, 0xf5, 0x38, 0x22, 0xbe, 0x7b, 0x99, 0x1e, 0x3e,
  0x3b, 0x1f, 0x93, 0xbc, 0x1c, 0x6e, 0x14, 0xbf, 0x90, 0xa7, 0x98, 0x3d,
  0x27, 0xce, 0xe1, 0xbd, 0x15, 0xf3, 0x8e, 0xbd, 0x16, 0x09, 0xce, 0x3d,
  0x63, 0xd9, 0x85, 0xbe, 0x46, 0x2a, 0x33, 0x3e, 0x95, 0x44, 0x41, 0xbe,
  0xf4, 0x76, 0x97, 0xbe, 0x61, 0x2d, 0xf0, 0x3a, 0x8c, 0xe4, 0x07, 0xbe,
  0x07, 0x95, 0xf3, 0xbe, 0x6c, 0xe7, 0x07, 0xbe, 0x6d, 0x9a, 0x3c, 0x3d,
  0xc1, 0x94, 0x33, 0x3f, 0xfd, 0xdf, 0x93, 0xbc, 0x90, 0x85, 0xa1, 0xbe,
  0xb6, 0x76, 0x08, 0xbe, 0xad, 0x14, 0x76, 0x3d, 0x89, 0x0f, 0x2d, 0x3e,
  0xc9, 0x8b, 0x1a, 0x3d, 0x83, 0x16, 0x3b, 0x3d, 0xb5, 0x6a, 0x05, 0xbd,
  0xe1, 0x4a, 0xbf, 0xbe, 0x70, 0xbc, 0x54, 0xbe, 0xd9, 0x1b, 0x90, 0xbf,
  0xb5, 0xe1, 0x6c, 0x3d, 0xf3, 0x79, 0xfa, 0xbd, 0xb2, 0x66, 0x80, 0xbe,
  0x20, 0x95, 0x60, 0xbe, 0x0c, 0x5a, 0x61, 0x3e, 0xd3, 0x83, 0xc4, 0xbd,
  0x70, 0xbe, 0x20, 0xbf, 0xd6, 0x2b, 0x83, 0x3c, 0x5f, 0xed, 0xc7, 0x3e,
  0xbc, 0xc5, 0x72, 0x3e, 0x64, 0xea, 0x20, 0x3e, 0x88, 0xb5, 0x1b, 0xbe,
  0x4e, 0x98, 0x82, 0xbb, 0x97, 0xc2, 0x36, 0xbe, 0x93, 0xa5, 0xd8, 0x3d,
  0x68, 0xf1, 0x42, 0x3e, 0xb3, 0xb2, 0xbb, 0xbe, 0xc4, 0xf3, 0x08, 0x3c,
  0xe1, 0x0d, 0xcf, 0x3d, 0x39, 0x1d, 0x64, 0xbe, 0x80, 0x85, 0x94, 0x3c,
  0x53, 0xbf, 0x0d, 0x3e, 0x4a, 0x89, 0x8a, 0xbe, 0x0a, 0x60, 0x85, 0x3e,
  0x72, 0xf3, 0x1d, 0x3e, 0xc9, 0x73, 0xee, 0x3d, 0x25, 0x15, 0x4a, 0xbe,
  0x15, 0x10, 0x67, 0xbe, 0x28, 0xab, 0x4f, 0x3d, 0x8b, 0x82, 0xae, 0xbd,
  0x32, 0xcf, 0x33, 0x3e, 0x87, 0xd9, 0x68, 0xbe, 0x75, 0x1b, 0xbc, 0xbe,
  0x9f, 0x2b, 0xd5, 0xbb, 0xce, 0x52, 0x16, 0x3d, 0x57, 0x2b, 0xdb, 0xbd,
  0x63, 0x9c, 0x86, 0x3e, 0x24, 0x04, 0xb3, 0xbd, 0xb4, 0x62, 0x90, 0xbe,
  0x72, 0x3b, 0x41, 0xbc, 0xf3, 0x41, 0x86, 0x3b, 0xe6, 0x12, 0x11, 0x3d,
  0xb1, 0x91, 0x16, 0x3e, 0x9b, 0xe3, 0xd4, 0xbd, 0x09, 0x42, 0x9b, 0xbd,
  0x3f, 0xd4, 0x75, 0xbe, 0x7b, 0x69, 0xa8, 0x3e, 0xc3, 0x70, 0x3b, 0x3b,
  0xdc, 0x08, 0x12, 0xbf, 0x0f, 0x3a, 0x56, 0x3e, 0xe1, 0x6e, 0x92, 0x3d,
  0x32, 0xc7, 0x85, 0xbe, 0x5c, 0x0f, 0x97, 0xbf, 0x59, 0xa4, 0x00, 0xbe,
  0xfa, 0x16, 0x1d, 0xbe, 0x60, 0x36, 0x6a, 0x3e, 0x8c, 0x80, 0x47, 0x3e,
  0x20, 0x3b, 0x63, 0xbe, 0xbf, 0xc9, 0xf6, 0x3d, 0x32, 0x13, 0x8b, 0xbe,
  0xc0, 0x55, 0x59, 0x3e, 0x49, 0xed, 0x79, 0xbc, 0x80, 0x36, 0xff, 0xbd,
  0x07, 0x0b, 0x21, 0xbf, 0xa1, 0x12, 0x14, 0xbe, 0xa1, 0x0f, 0x2d, 0xbe,
  0xbf, 0xe1, 0x77, 0xbe, 0x43, 0xf7, 0xb2, 0xbe, 0x2d, 0x92, 0x27, 0xbf,
  0x6c, 0x56, 0xff, 0xbd, 0xa2, 0x8d, 0x97, 0x3e, 0x6f, 0x5b, 0x09, 0x3d,
  0x6b, 0xe8, 0x71, 0xbe, 0x8f, 0x45, 0x88, 0xbe, 0x30, 0x9e, 0x8b, 0x3e,
  0x70, 0x6e, 0x29, 0xbe, 0x88, 0x56, 0xf1, 0x3d, 0xf1, 0x0e, 0xd9, 0xbd,
  0x44, 0x46, 0x71, 0x3d, 0xf3, 0xb4, 0xc3, 0xbe, 0x91, 0xe6, 0xd1, 0x3d,
  0x5c, 0x65, 0x22, 0xbf, 0x9a, 0x86, 0x65, 0xbe, 0x8c, 0xd9, 0x4b, 0xbe,
  0x3e, 0x74, 0x3d, 0xbf, 0x96, 0xa9, 0x89, 0xbd, 0x11, 0x4d, 0xcf, 0x3c,
  0xb2, 0x29, 0x68, 0x3e, 0x79, 0x60, 0xbb, 0x3d, 0xc0, 0x6b, 0x29, 0xbc,
  0x47, 0x4e, 0xd6, 0x3d, 0x2b, 0x08, 0x88, 0x3e, 0xd6, 0xf7, 0x8a, 0xbe,
  0x1a, 0x88, 0xd5, 0x3e, 0x26, 0x9c, 0x4d, 0xbe, 0xa5, 0xc1, 0x12, 0xbf,
  0xbd, 0x9e, 0xc8, 0x3e, 0xd6, 0xb7, 0x04, 0xbf, 0x4f, 0xdc, 0x5e, 0x3d,
  0x7d, 0xc6, 0x30, 0xbe, 0x52, 0x05, 0x48, 0xbf, 0x47, 0x49, 0xc6, 0xbd,
  0x52, 0x01, 0xce, 0x3d, 0xac, 0x5e, 0xe5, 0x3c, 0x21, 0xeb, 0x4f, 0xbe,
  0x4b, 0x91, 0x93, 0xbe, 0xf2, 0xd1, 0x09, 0xbe, 0xe1, 0xda, 0x94, 0x3d,
  0x34, 0xeb, 0x51, 0x3e, 0x5a, 0xfb, 0x3b, 0xbe, 0x93, 0x9c, 0x0c, 0xbe,
  0xb0, 0x85, 0xe0, 0xbe, 0x02, 0x1b, 0xdc, 0xbe, 0x22, 0x54, 0xad, 0x3c,
  0x1b, 0x27, 0x12, 0xbe, 0x86, 0x72, 0x04, 0xbe, 0x6e, 0x8a, 0x1d, 0x3a,
  0xaf, 0x36, 0x30, 0x3d, 0x07, 0xa1, 0xa0, 0x3e, 0x50, 0x6f, 0x04, 0xba,
  0x8d, 0xf3, 0x0e, 0xbf, 0xf5, 0x53, 0x17, 0x3e, 0xbf, 0x28, 0x6d, 0x3e,
  0x26, 0xaa, 0xa9, 0xbe, 0xd3, 0x13, 0x36, 0x3e, 0xa1, 0x68, 0x83, 0x3e,
  0x09, 0x04, 0x2f, 0x3d, 0x1b, 0x0c, 0x5e, 0xbf, 0x2d, 0x28, 0xa4, 0xbd,
  0x1e, 0x89, 0x2b, 0xbe, 0x89, 0x95, 0x80, 0xbd, 0xe7, 0xd8, 0x56, 0x3d,
  0x49, 0x37, 0xf2, 0xbe, 0xfc, 0x04, 0x73, 0x3c, 0x43, 0xfe, 0x98, 0xbe,
  0xd0, 0xee, 0x97, 0xbd, 0x32, 0x1c, 0x48, 0xbe, 0x7c, 0x24, 0x31, 0x3e,
  0x29, 0x6a, 0x9a, 0xbd, 0x8c, 0x7e, 0x8e, 0x3d, 0x9a, 0xf3, 0x9d, 0xbc,
  0xc6, 0x68, 0x1f, 0x3e, 0xd0, 0x9d, 0x2c, 0xbd, 0x39, 0x8e, 0x41, 0xbe,
  0x4d, 0x42, 0x89, 0x3e, 0x6f, 0x87, 0x46, 0xbe, 0xb6, 0x57, 0x21, 0x3e,
  0xed, 0x3c, 0x0c, 0xbe, 0xd9, 0x51, 0x02, 0xbf, 0x1c, 0x23, 0xb4, 0xbe,
  0x2e, 0x1a, 0x6c, 0xbd, 0xe8, 0x32, 0x74, 0xbc, 0xee, 0x09, 0xac, 0xbe,
  0x66, 0xa1, 0x99, 0xbd, 0xd9, 0x66, 0x44, 0xbd, 0xa3, 0x6f, 0x6d, 0x3d,
  0xc4, 0xf3, 0x19, 0x3b, 0xae, 0x80, 0x6f, 0x3e, 0xda, 0x36, 0xed, 0xbd,
  0x47, 0x3e, 0x25, 0xbd, 0xc4, 0x59, 0x75, 0x3d, 0x0e, 0xda, 0xb0, 0xbc,
  0xf5, 0x41, 0x32, 0xbc, 0x8e, 0x80, 0xa2, 0xbe, 0xd8, 0x9c, 0xf4, 0xbd,
  0x09, 0xea, 0xed, 0x3d, 0x43, 0x95, 0x22, 0x3e, 0x41, 0x9a, 0xe5, 0x3c,
  0x48, 0x47, 0x23, 0xbf, 0x1b, 0xc8, 0x2e, 0xbc, 0xfe, 0xd0, 0xaa, 0xbd,
  0x76, 0x46, 0xd8, 0x3d, 0x0d, 0x57, 0x53, 0x3d, 0x46, 0x50, 0x05, 0x3f,
  0xdc, 0x5d, 0xd4, 0x3a, 0xfe, 0x66, 0xe7, 0xbe, 0x9b, 0x11, 0x89, 0x3e,
  0xd3, 0xea, 0x62, 0x3e, 0x39, 0xd4, 0x55, 0x3e, 0xab, 0x30, 0x44, 0x3c,
  0x2e, 0x88, 0xc5, 0xbe, 0x64, 0x7b, 0xf4, 0x3c, 0xe2, 0xea, 0x2e, 0x3e,
  0x0e, 0xfe, 0xd1, 0xbc, 0xd5, 0xc3, 0xfe, 0xbe, 0x2a, 0x9c, 0x8d, 0xba,
  0xd5, 0xd4, 0x38, 0xbe, 0x65, 0x0b, 0x7e, 0x3e, 0x1c, 0xec, 0x74, 0x3e,
  0x8c, 0xa9, 0xac, 0x3d, 0x9d, 0x9f, 0x9a, 0xbc, 0x87, 0x71, 0x0c, 0x3e,
  0xeb, 0x6d, 0xd5, 0x3e, 0xab, 0x51, 0xd0, 0xbe, 0x6f, 0x6f, 0x48, 0x3e,
  0x13, 0x44, 0x5a, 0xbe, 0x95, 0x6d, 0xfb, 0xbe, 0x35, 0xb5, 0xbd, 0xbd,
  0xfc, 0x3a, 0x4f, 0xb9, 0x4f, 0x32, 0x2f, 0xbc, 0x67, 0x01, 0xc9, 0xbe,
  0xb3, 0x24, 0xa7, 0xbe, 0x68, 0x23, 0xe6, 0x3d, 0xd3, 0x97, 0x1a, 0xbe,
  0x88, 0xca, 0x93, 0x3b, 0x71, 0x53, 0x86, 0xbe, 0xf3, 0x72, 0x02, 0x3d,
  0xc9, 0xb6, 0x9c, 0xbe, 0x12, 0xdf, 0x4a, 0x3e, 0xfa, 0x00, 0x0b, 0x3d,
  0x23, 0xa2, 0xbd, 0xbd, 0xf1, 0x3c, 0xf6, 0x3d, 0x89, 0x12, 0x50, 0xbc,
  0x94, 0xad, 0x7c, 0x3d, 0xe5, 0x2d, 0x95, 0xbc, 0xf3, 0xcf, 0x57, 0xbc,
  0xde, 0xb6, 0x79, 0xbd, 0x23, 0x77, 0xa2, 0xbe, 0x7a, 0x78, 0x5b, 0x3d,
  0xb7, 0x76, 0xc8, 0xbd, 0x0c, 0x51, 0xe2, 0xbc, 0xf8, 0xa8, 0x59, 0x3e,
  0xe1, 0xe8, 0xc8, 0xbb, 0x96, 0xaf, 0x09, 0xbf, 0x27, 0xb6, 0x0e, 0xbc,
  0xc1, 0x26, 0xfc, 0xbc, 0x6f, 0xe4, 0x27, 0x3d, 0x38, 0xf2, 0x39, 0x3c,
  0x05, 0xd9, 0x70, 0xbe, 0x02, 0x31, 0x32, 0x3e, 0x0f, 0xc6, 0x8a, 0x3d,
  0x5c, 0x4f, 0x14, 0x3e, 0x58, 0x0e, 0xb1, 0xbd, 0x90, 0xe1, 0x95, 0xbe,
  0x4b, 0xd1, 0x5d, 0x3c, 0x1d, 0xa2, 0x53, 0x3e, 0x5e, 0x47, 0xac, 0x3d,
  0xc6, 0x83, 0x11, 0x3e, 0x1a, 0x90, 0x7b, 0xbb, 0xcc, 0xd5, 0x39, 0xbf,
  0xf2, 0x97, 0x54, 0x3e, 0xea, 0xc3, 0xbe, 0xbe, 0xac, 0x8e, 0x25, 0x3d,
  0xd6, 0x6c, 0x78, 0xbd, 0x6b, 0x5b, 0x30, 0xbf, 0x45, 0xdf, 0x18, 0x3e,
  0xb6, 0x22, 0x4b, 0x3e, 0x76, 0x6d, 0x9d, 0x3c, 0x21, 0x7f, 0x37, 0xbe,
  0xc1, 0x71, 0xbc, 0xbe, 0xe5, 0x39, 0x92, 0xbc, 0xac, 0x80, 0x21, 0xbe,
  0xe9, 0x5d, 0xf7, 0x3d, 0x95, 0xa6, 0xa6, 0x3c, 0x52, 0x62, 0xa3, 0xbe,
  0xb6, 0x20, 0x00, 0xbf, 0xd5, 0x81, 0x23, 0xbe, 0x7d, 0x22, 0x4b, 0x3e,
  0x4b, 0x78, 0x4c, 0xbe, 0xd9, 0x92, 0x3d, 0xbe, 0xb3, 0xdf, 0x7c, 0xbe,
  0x1b, 0x65, 0x4e, 0xbc, 0xde, 0x13, 0xeb, 0x3e, 0x03, 0x1a, 0x2a, 0xbd,
  0x6f, 0x2f, 0x09, 0xbf, 0xa1, 0x2a, 0x4b, 0xbe, 0x5c, 0xbc, 0x87, 0x3e,
  0x81, 0x44, 0x90, 0xbe, 0x49, 0x72, 0x6a, 0x3b, 0x11, 0x6b, 0xa4, 0xbd,
  0x3b, 0x18, 0x4c, 0x3d, 0x46, 0x02, 0x6a, 0xbf, 0xdc, 0xcf, 0x86, 0xbe,
  0x39, 0x92, 0x9f, 0xbe, 0x5f, 0x6a, 0x86, 0x3b, 0xaa, 0xf9, 0xd2, 0xbd,
  0x86, 0x90, 0x5a, 0xbf, 0x15, 0x02, 0x27, 0xbe, 0x80, 0x65, 0x24, 0xbe,
  0xee, 0x9d, 0xdb, 0x3d, 0xb3, 0x08, 0xdf, 0xbc, 0x8e, 0x2e, 0x23, 0x3e,
  0xcf, 0xfa, 0x9c, 0xbd, 0x2c, 0x7a, 0x8c, 0x3d, 0x41, 0x2c, 0x76, 0xbe,
  0xae, 0xa9, 0x8e, 0x3e, 0x7b, 0x18, 0x07, 0xbe, 0x1c, 0x23, 0xd6, 0xbe,
  0xe8, 0x6b, 0xaa, 0x3e, 0x5c, 0x70, 0x59, 0xbe, 0xb5, 0x8e, 0x2c, 0x3e,
  0x62, 0x5a, 0x65, 0xbd, 0x3a, 0x85, 0x5c, 0xbf, 0xb9, 0x5f, 0x61, 0x3d,
  0x40, 0xe1, 0x8f, 0x3d, 0x5a, 0x3a, 0xc8, 0xbd, 0xaf, 0x4e, 0x9b, 0xbe,
  0xbc, 0x02, 0x7c, 0xbd, 0x68, 0xf3, 0xb0, 0xbe, 0x83, 0xfb, 0x13, 0x3e,
  0xf6, 0x9b, 0x30, 0xbd, 0x38, 0x95, 0xee, 0x3d, 0xf0, 0x4a, 0x1d, 0xbd,
  0xdf, 0x51, 0xd9, 0xbd, 0xa8, 0xed, 0x2d, 0x3e, 0x6d, 0x20, 0x4e, 0xbe,
  0xaf, 0xf4, 0xaf, 0x3d, 0xa4, 0xfc, 0x15, 0xbe, 0x45, 0x92, 0x8b, 0xbd,
  0x40, 0x9a, 0x8b, 0x3e, 0xde, 0xd2, 0xb2, 0x3e, 0x47, 0xaf, 0x15, 0xbe,
  0x82, 0x58, 0xf4, 0xbe, 0x84, 0xfd, 0x1c, 0x3e, 0x60, 0xe2, 0x17, 0xbe,
  0x06, 0x9f, 0xc2, 0x3c, 0x8b, 0x7a, 0xf1, 0x3d, 0x13, 0x6e, 0x04, 0x3f,
  0x20, 0x98, 0xe7, 0x3c, 0xfe, 0xc0, 0x16, 0xbf, 0xb7, 0xe1, 0x94, 0x3e,
  0xb8, 0xd6, 0x2c, 0xbd, 0x43, 0xb3, 0x97, 0x3d, 0x01, 0x36, 0x15, 0x3d,
  0xaf, 0x54, 0xd3, 0xbe, 0x82, 0x92, 0x31, 0x3e, 0x86, 0x06, 0x5e, 0xbe,
  0xa2, 0x97, 0x90, 0xbe, 0xeb, 0x04, 0x01, 0x3c, 0x8f, 0x26, 0x1c, 0x3e,
  0x22, 0x75, 0xa1, 0xbe, 0xb1, 0xdd, 0x02, 0x3d, 0xc7, 0x83, 0xe5, 0xbd,
  0xca, 0x59, 0x5a, 0x3e, 0x64, 0xc2, 0xa7, 0x3a, 0xa9, 0xa4, 0x85, 0x3c,
  0xa0, 0x5a, 0xdb, 0x3e, 0xb9, 0x7e, 0x3c, 0xbd, 0xcd, 0x1e, 0xb7, 0x3e,
  0x18, 0x93, 0x93, 0x3d, 0x19, 0x9d, 0xc2, 0xbe, 0x33, 0x31, 0x4d, 0xbe,
  0xf5, 0x3d, 0x84, 0xbe, 0xdc, 0x25, 0xa4, 0xbe, 0xc0, 0x68, 0x04, 0xbf,
  0x26, 0x22, 0x32, 0xbe, 0x71, 0xaf, 0x4f, 0xbd, 0xc5, 0xc6, 0x0a, 0x3e,
  0x44, 0xf8, 0x17, 0xbe, 0x66, 0x0e, 0xc0, 0xbd, 0x75, 0x99, 0x11, 0x3e,
  0x80, 0x25, 0x95, 0xbd, 0x28, 0x92, 0x0c, 0xbe, 0xb5, 0x45, 0xbe, 0x3c,
  0xa4, 0xa8, 0xb3, 0xbd, 0x6f, 0x2c, 0x82, 0x3e, 0x1c, 0xba, 0x10, 0xbe,
  0xc0, 0x77, 0xbe, 0xbc, 0xef, 0x0a, 0xbe, 0x3e, 0x91, 0x51, 0x04, 0xbe,
  0xa1, 0xfd, 0xe6, 0xbc, 0x65, 0x5d, 0x40, 0xbe, 0xcb, 0x79, 0x22, 0xbc,
  0x94, 0x5b, 0x10, 0x3e, 0x56, 0xb5, 0xf2, 0xbd, 0x44, 0xfe, 0xce, 0x3d,
  0xdc, 0x2a, 0x54, 0x3e, 0x42, 0xc7, 0xf8, 0xbd, 0x68, 0x21, 0x1e, 0x3e,
  0x1b, 0x41, 0x11, 0x3e, 0x88, 0x91, 0x77, 0x3d, 0x0e, 0xaa, 0x85, 0xbd,
  0xc6, 0xb7, 0xb2, 0xbf, 0xef, 0xf5, 0x87, 0xbd, 0x39, 0x49, 0x8c, 0x3e,
  0x83, 0x93, 0xc3, 0x3d, 0xd2, 0x06, 0xa4, 0x3d, 0x78, 0x2e, 0xb1, 0xbe,
  0xab, 0x12, 0xe2, 0xbc, 0xe9, 0xba, 0x10, 0xbe, 0x60, 0x09, 0x6e, 0xbe,
  0xa0, 0xe7, 0x62, 0xbe, 0x93, 0x18, 0x40, 0x3d, 0x48, 0x51, 0x0d, 0xbe,
  0x86, 0xf5, 0x3a, 0x3e, 0x20, 0x6f, 0xbc, 0x3d, 0x63, 0x4b, 0x4d, 0xbc,
  0x1c, 0x64, 0xd8, 0x3c, 0xea, 0xcc, 0xd9, 0x3d, 0x98, 0xfd, 0x21, 0x3d,
  0x98, 0x79, 0xcb, 0x3d, 0x35, 0x65, 0x87, 0x3d, 0x9f, 0x36, 0x0d, 0xbd,
  0x73, 0x49, 0x5d, 0xbe, 0x02, 0xc2, 0xd7, 0xbd, 0xdf, 0x6b, 0x12, 0x3e,
  0x4c, 0xb2, 0x08, 0xbe, 0xd5, 0x70, 0x4a, 0x3e, 0xff, 0x57, 0x39, 0xbe,
  0x03, 0x9e, 0x9f, 0xbe, 0xdd, 0xa8, 0x59, 0xbe, 0x00, 0x77, 0x05, 0x3e,
  0xcf, 0xf3, 0xb1, 0xbd, 0x00, 0x03, 0xdf, 0xbb, 0xf9, 0x5a, 0x23, 0xbf,
  0x92, 0xe6, 0x0f, 0xbe, 0x4f, 0x80, 0xeb, 0x3e, 0xbb, 0xf0, 0x27, 0x3d,
  0x72, 0x51, 0x69, 0xbd, 0x04, 0x3e, 0xad, 0x3a, 0xd7, 0xcb, 0xec, 0xbd,
  0xc1, 0x6d, 0x39, 0xbd, 0x92, 0xcd, 0x0e, 0xbe, 0xc6, 0xc6, 0x2b, 0x3c,
  0x5d, 0x6b, 0x2e, 0xbd, 0xec, 0x00, 0x0a, 0xbe, 0x2f, 0x03, 0x9a, 0x3e,
  0x53, 0x6a, 0x54, 0x3e, 0xee, 0xec, 0x5e, 0xbe, 0x0c, 0xa1, 0x3f, 0xbd,
  0x78, 0xe0, 0x25, 0xbf, 0xfd, 0x16, 0xa7, 0x3d, 0xfe, 0x48, 0xd9, 0xbc,
  0x78, 0xd1, 0x10, 0x3e, 0x45, 0xdd, 0xeb, 0x3d, 0x0c, 0x83, 0xcb, 0xbd,
  0xbb, 0xa1, 0x90, 0xbe, 0xba, 0x14, 0xc7, 0xbe, 0xdc, 0x43, 0xd6, 0xbd,
  0x86, 0xfb, 0x63, 0x3e, 0xef, 0x63, 0x29, 0xbe, 0x3e, 0x5b, 0x2b, 0x3d,
  0x88, 0x5d, 0xcd, 0xbe, 0x9a, 0xc3, 0x57, 0x3e, 0x77, 0x88, 0xa8, 0xbd,
  0xd4, 0x32, 0x26, 0xbe, 0xa1, 0xd7, 0xa7, 0xbe, 0xdf, 0x19, 0x50, 0xbd,
  0xe6, 0x7d, 0x13, 0xbe, 0xec, 0x02, 0x65, 0xbe, 0x2a, 0x6f, 0x0c, 0xbe,
  0x39, 0xa2, 0x42, 0xbf, 0x0b, 0x92, 0xcc, 0xbd, 0xf6, 0xab, 0x7e, 0x3e,
  0x2e, 0xa3, 0x77, 0xbe, 0x21, 0x05, 0xc7, 0xba, 0x98, 0x78, 0xa9, 0xbe,
  0xb8, 0x02, 0x53, 0xbe, 0x38, 0x2a, 0xff, 0xbb, 0x13, 0x45, 0x73, 0xbe,
  0xba, 0x07, 0x6e, 0x3c, 0x0b, 0x67, 0xb4, 0x3d, 0x74, 0xa1, 0x31, 0xbf,
  0x56, 0x69, 0x80, 0x3e, 0x3a, 0xb0, 0x84, 0x3e, 0x14, 0xdf, 0x2f, 0xbe,
  0x2d, 0x1a, 0x18, 0x3e, 0x86, 0x8f, 0xa4, 0xbe, 0xe0, 0x56, 0x15, 0x3e,
  0x33, 0xed, 0x5b, 0xbd, 0x97, 0x69, 0x27, 0xbf, 0xb7, 0x02, 0x06, 0x3e,
  0x08, 0x0c, 0x95, 0xbe, 0x07, 0xdd, 0x85, 0x3e, 0x67, 0xce, 0xc9, 0xbc,
  0x6b, 0x99, 0x26, 0xbd, 0x7a, 0x00, 0x87, 0x3c, 0xea, 0x93, 0xf5, 0x3d,
  0xb0, 0x53, 0xed, 0xbe, 0x99, 0xf6, 0xa8, 0xbd, 0x35, 0x72, 0x91, 0xbe,
  0x55, 0x88, 0x54, 0xbe, 0xaa, 0xbc, 0xbf, 0x3e, 0xae, 0xb9, 0x12, 0xbf,
  0xbd, 0xc7, 0x5e, 0xbe, 0xbd, 0x7e, 0xba, 0x3c, 0xb1, 0x4f, 0xe1, 0xbd,
  0xbc, 0xdf, 0x6f, 0x3f, 0xbe, 0x13, 0xb3, 0xbe, 0x99, 0x09, 0x8a, 0xbe,
  0x64, 0x51, 0x87, 0x3e, 0x34, 0x5d, 0x8b, 0xbe, 0xa4, 0x5e, 0xdb, 0xbd,
  0x19, 0x70, 0x68, 0xbe, 0x75, 0x19, 0x9c, 0x3d, 0x20, 0x1a, 0x83, 0x3d,
  0xf8, 0xd0, 0x6c, 0x3f, 0x67, 0x20, 0x0d, 0xbf, 0x4c, 0x1e, 0x94, 0x3d,
  0x84, 0xdf, 0x60, 0x3e, 0xe9, 0x37, 0xca, 0x3e, 0x5a, 0x37, 0x1e, 0xbf,
  0x51, 0x6b, 0xa9, 0xbe, 0x7d, 0xfb, 0x8f, 0x3e, 0xaa, 0x31, 0xc5, 0xbd,
  0xba, 0x82, 0x23, 0xbf, 0xf6, 0x07, 0x90, 0xbe, 0x0f, 0x5a, 0xda, 0x3d,
  0xe9, 0x80, 0xc9, 0xbe, 0x53, 0x9e, 0xde, 0xbe, 0x9a, 0x63, 0x07, 0x3d,
  0xa0, 0x20, 0x8d, 0xbe, 0xc7, 0x1c, 0xb9, 0xbe, 0xfb, 0x1e, 0x3c, 0x3e,
  0xdd, 0x4b, 0xc0, 0xbc, 0x9c, 0xe6, 0x09, 0x3e, 0xa4, 0x3f, 0x5d, 0x3e,
  0xa0, 0x9c, 0xc5, 0x3c, 0x09, 0xac, 0x6b, 0xbd, 0x67, 0x06, 0x67, 0xbe,
  0x50, 0x00, 0x88, 0xbe, 0xd9, 0x94, 0x8d, 0x3e, 0x59, 0xae, 0xed, 0xbe,
  0xa3, 0x37, 0xb8, 0xbe, 0xa0, 0x85, 0x2d, 0xbc, 0x8f, 0x29, 0x09, 0xbc,
  0xaf, 0xa8, 0x31, 0x3f, 0xfc, 0x85, 0x50, 0xbe, 0x48, 0x38, 0x3d, 0xbe,
  0xee, 0xed, 0x9d, 0x3d, 0x29, 0xb6, 0x24, 0x3e, 0x1d, 0xfc, 0x26, 0xbe,
  0x61, 0x65, 0xca, 0x3d, 0x2b, 0xf0, 0x97, 0xbb, 0xbf, 0x51, 0x90, 0xbe,
  0x9a, 0xf5, 0x19, 0xbe, 0x14, 0xfb, 0x85, 0xbe, 0x41, 0x36, 0x2d, 0x3e,
  0x87, 0x70, 0x11, 0xbe, 0x1c, 0xa0, 0xb4, 0xbe, 0x7f, 0xdd, 0x3c, 0x3e,
  0x03, 0x46, 0x62, 0xbd, 0xcb, 0x67, 0xf5, 0x3e, 0x70, 0x64, 0x3c, 0xbe,
  0x47, 0x59, 0xd1, 0xbe, 0x3d, 0xa9, 0xd3, 0x3d, 0xb4, 0xd6, 0x01, 0xbe,
  0x25, 0xff, 0xb2, 0x3e, 0xfd, 0x01, 0x6a, 0x3e, 0x5f, 0x78, 0x06, 0xbf,
  0x92, 0x68, 0x23, 0xbd, 0xa1, 0xbf, 0x46, 0x3d, 0x18, 0x3c, 0x10, 0x3e,
  0xb7, 0x4c, 0x55, 0x3d, 0x51, 0x92, 0xe2, 0xbe, 0xe2, 0x2d, 0x51, 0x3e,
  0x9d, 0x8a, 0x4e, 0xbe, 0xfd, 0x0e, 0x48, 0xbe, 0x8f, 0x9a, 0x4d, 0xbf,
  0xd5, 0x2c, 0x7f, 0xbe, 0xa2, 0x71, 0xec, 0xbd, 0xd7, 0xe1, 0x10, 0x3e,
  0xc5, 0x45, 0xaf, 0x3e, 0x15, 0x38, 0x94, 0x3e, 0x3f, 0xc6, 0x2d, 0xbd,
  0xd6, 0xab, 0x2a, 0x3e, 0x92, 0x48, 0xf5, 0xbb, 0x66, 0x23, 0x08, 0xbd,
  0xaa, 0x13, 0x91, 0xbc, 0x74, 0x51, 0x9f, 0x3d, 0x78, 0x6a, 0x06, 0xbf,
  0x56, 0xff, 0x47, 0xbe, 0xb9, 0xe3, 0xe6, 0x3c, 0xcd, 0xd9, 0x5e, 0xbe,
  0x4e, 0x32, 0x3e, 0x3e, 0x5a, 0x7b, 0xca, 0xbc, 0x8c, 0x51, 0x48, 0xbe,
  0xea, 0xec, 0x01, 0xbe, 0x87, 0x50, 0x2e, 0xbe, 0xb5, 0x2a, 0x71, 0x3d,
  0x86, 0x52, 0x56, 0xbd, 0xcb, 0xcd, 0xa0, 0x3e, 0xb0, 0x0c, 0x9f, 0x3d,
  0xe1, 0x47, 0xf4, 0x3d, 0x1a, 0xbf, 0x7a, 0x3e, 0xd0, 0x07, 0xdc, 0xbd,
  0x10, 0x12, 0xa0, 0xbe, 0x06, 0xfa, 0xf2, 0xbe, 0x28, 0x26, 0x4e, 0x3e,
  0x7b, 0x89, 0xb1, 0xbe, 0xd2, 0x4b, 0xd6, 0x3e, 0x4d, 0xfa, 0x0d, 0xbe,
  0x8a, 0xc7, 0xcb, 0xbd, 0xb8, 0x30, 0xc5, 0xbd, 0x5e, 0x29, 0x89, 0xbe,
  0xf5, 0x18, 0xb2, 0xbb, 0x89, 0x04, 0x09, 0x3e, 0x70, 0xa7, 0x77, 0xbe,
  0xb7, 0xc5, 0x18, 0xbe, 0x75, 0x2b, 0x6f, 0xbe, 0x50, 0xa0, 0x22, 0x3e,
  0x26, 0x66, 0x4c, 0xbf, 0xb0, 0x9f, 0x19, 0xbf, 0x89, 0xc4, 0xcd, 0xbe,
  0xbd, 0x19, 0xb4, 0xbd, 0xdc, 0x86, 0x11, 0x3e, 0xd1, 0xfc, 0x2e, 0xbf,
  0xd0, 0x79, 0xa2, 0xbe, 0x41, 0xa8, 0x17, 0xbe, 0xab, 0x55, 0x71, 0xbe,
  0x47, 0xc4, 0x09, 0xbc, 0x20, 0xb0, 0x60, 0xbc, 0xb7, 0xc8, 0x27, 0xbe,
  0x7c, 0xfa, 0x59, 0x3e, 0xe2, 0xe5, 0x4a, 0x3e, 0x2e, 0x21, 0x63, 0x3e,
  0xc5, 0x25, 0xbb, 0xbd, 0x70, 0xa0, 0xd0, 0x3c, 0xc4, 0xb9, 0x07, 0xbf,
  0x3b, 0xb9, 0x82, 0xbe, 0x85, 0x41, 0x09, 0x3e, 0x30, 0xb2, 0x1b, 0x3e,
  0x07, 0x3a, 0x5c, 0xbe, 0x5c, 0x79, 0x61, 0x3e, 0xa0, 0x8a, 0xae, 0xbe,
  0xa0, 0x1a, 0x8c, 0xbe, 0xa3, 0x95, 0x0a, 0xbe, 0xf8, 0x9a, 0x03, 0xbe,
  0x8b, 0x50, 0xdf, 0xbd, 0x95, 0x13, 0x26, 0x3e, 0xa7, 0x94, 0x4d, 0x3e,
  0xa5, 0xde, 0xb6, 0x3e, 0xd0, 0xc7, 0x91, 0x3d, 0xfe, 0xbf, 0x26, 0x3e,
  0x0e, 0xeb, 0x98, 0x3c, 0x01, 0x7b, 0xe3, 0x3c, 0x2e, 0x4f, 0x87, 0x3e,
  0x22, 0x74, 0x90, 0x3d, 0x1d, 0x69, 0x0e, 0x3f, 0x73, 0x3b, 0x5d, 0x3e,
  0x0c, 0x59, 0x2f, 0xbe, 0xb7, 0x61, 0x0f, 0xbe, 0xb0, 0x27, 0x45, 0xbe,
  0xa9, 0xaa, 0x81, 0xbe, 0xfa, 0x0f, 0x17, 0x3e, 0x3e, 0xe5, 0x5e, 0x3c,
  0x9e, 0xb5, 0x2f, 0x3e, 0xb3, 0x67, 0x99, 0x3d, 0xde, 0x17, 0x61, 0x3e,
  0xa3, 0xaf, 0xc9, 0xbe, 0xa7, 0xcc, 0xeb, 0x3d, 0x46, 0x09, 0x9e, 0xbd,
  0xf5, 0xb3, 0xeb, 0xbd, 0x13, 0xa9, 0x10, 0xbe, 0x20, 0x82, 0xd7, 0xbe,
  0xe4, 0x79, 0x5a, 0x3e, 0x11, 0x8e, 0xc0, 0x3e, 0xef, 0x0c, 0x2b, 0x3e,
  0xc9, 0xfb, 0x6d, 0xbc, 0x55, 0x20, 0xba, 0xbe, 0x78, 0xfa, 0x0f, 0x3e,
  0x0d, 0x8b, 0x82, 0x3e, 0x09, 0x24, 0xa8, 0x3d, 0xd9, 0x9b, 0x55, 0xbe,
  0x39, 0xa0, 0x42, 0x3e, 0x7b, 0xed, 0x0a, 0xbf, 0x8d, 0x99, 0x2d, 0xbe,
  0xce, 0x98, 0x33, 0xbf, 0x5a, 0x91, 0x30, 0xbc, 0xdc, 0x20, 0x59, 0x3d,
  0x96, 0x66, 0x03, 0xbe, 0xda, 0x5a, 0x2f, 0x3c, 0xb8, 0x5c, 0x8e, 0xbd,
  0xd8, 0x9b, 0xaa, 0x3c, 0x12, 0x82, 0x4a, 0x3c, 0x86, 0x6e, 0x92, 0x3d,
  0xae, 0x76, 0xde, 0x3d, 0x4c, 0x65, 0x11, 0x3e, 0x09, 0x41, 0xa0, 0xbd,
  0xe6, 0x28, 0xbb, 0x3e, 0x65, 0x06, 0x2b, 0xbd, 0xdb, 0x24, 0x00, 0xbf,
  0x91, 0xcc, 0xcc, 0x3e, 0x1b, 0xac, 0xe0, 0xbd, 0xa2, 0x33, 0x36, 0x3e,
  0x9e, 0xe9, 0x25, 0xbe, 0xc8, 0x2a, 0x0a, 0xbe, 0xd2, 0x9c, 0x0c, 0x3e,
  0x44, 0x58, 0x8b, 0x3e, 0x23, 0x60, 0xec, 0xbb, 0xa8, 0x13, 0x11, 0xbe,
  0xa1, 0xd0, 0x3c, 0xbd, 0xe9, 0x41, 0xe5, 0xbd, 0x25, 0x39, 0x46, 0xbe,
  0x96, 0x31, 0x99, 0xbd, 0x66, 0x58, 0x58, 0x3e, 0xea, 0xa2, 0x1e, 0xbd,
  0x86, 0x1c, 0x33, 0xbe, 0x0f, 0x70, 0x01, 0x3e, 0xb6, 0x95, 0xef, 0x3e,
  0x9d, 0x9b, 0x3a, 0xbe, 0xa5, 0xea, 0x7d, 0xbe, 0xe2, 0x18, 0xb0, 0xbe,
  0xbd, 0xfc, 0x70, 0xbc, 0x65, 0x9b, 0xd9, 0x3e, 0xbb, 0x1a, 0x1f, 0x3d,
  0x3e, 0xe1, 0x91, 0xbe, 0xad, 0x6d, 0x14, 0x3e, 0x17, 0xf4, 0x8b, 0x3c,
  0x1a, 0x08, 0xe3, 0xbd, 0xa8, 0xb5, 0x03, 0xbe, 0xcc, 0x61, 0xcc, 0x3d,
  0xfc, 0xc7, 0xdd, 0xbc, 0xca, 0xc2, 0x30, 0xbf, 0xf6, 0xb4, 0x90, 0x3d,
  0x4e, 0xd3, 0xb7, 0x3e, 0x23, 0xb7, 0x15, 0xbe, 0x5a, 0x12, 0x9e, 0xbd,
  0xd9, 0xbb, 0xcd, 0xbe, 0xa7, 0xf9, 0x4e, 0x3d, 0x17, 0x8a, 0xe7, 0x3b,
  0x40, 0xa7, 0x02, 0xbe, 0xde, 0xc8, 0x4c, 0x3c, 0xab, 0xb9, 0x81, 0x3d,
  0x7f, 0x67, 0xec, 0xbd, 0xbf, 0xa4, 0x2a, 0xbe, 0x89, 0x1b, 0x19, 0x3d,
  0xe4, 0x93, 0xd5, 0x3e, 0xf5, 0xae, 0x10, 0x3c, 0xde, 0xfd, 0xd0, 0xbe,
  0x66, 0x8e, 0x32, 0x3e, 0x2e, 0xdd, 0xa3, 0x3e, 0xcc, 0x01, 0x18, 0x3e,
  0xa4, 0x85, 0x29, 0xbe, 0x8c, 0x20, 0x63, 0xbf, 0x04, 0x08, 0x0c, 0xbe,
  0xf6, 0xe9, 0x67, 0x3e, 0x20, 0xa0, 0x00, 0xbe, 0xd1, 0x4e, 0xa3, 0xbd,
  0xa5, 0x9a, 0x22, 0xbf, 0x1d, 0x70, 0x03, 0x3e, 0x64, 0xec, 0x5b, 0x3e,
  0xc8, 0x70, 0x3b, 0xbe, 0x73, 0xe1, 0x66, 0xbd, 0x53, 0xbc, 0xc1, 0xbd,
  0x79, 0xce, 0xff, 0xbb, 0x9f, 0xa7, 0xb5, 0xbe, 0x0c, 0x36, 0x1b, 0xbd,
  0x90, 0x25, 0x30, 0x3e, 0x8d, 0xbf, 0x63, 0xbe, 0xd2, 0x32, 0xa4, 0x3d,
  0x3d, 0xc4, 0x0d, 0x3e, 0x1b, 0xcd, 0xe9, 0x3e, 0x15, 0x02, 0xfc, 0xbd,
  0x79, 0x15, 0xbb, 0x3d, 0x06, 0xdf, 0xeb, 0xbe, 0x58, 0x8e, 0xa8, 0xbb,
  0xeb, 0x85, 0x05, 0x3e, 0xf8, 0x7e, 0x83, 0xbe, 0x8d, 0x02, 0xe9, 0x3d,
  0x69, 0xf7, 0x32, 0xbe, 0x26, 0x1a, 0x49, 0xbe, 0xad, 0x3b, 0x3b, 0x3d,
  0xda, 0x0c, 0x22, 0xbe, 0xe8, 0x1a, 0x96, 0x3e, 0xb5, 0x57, 0xd9, 0xbd,
  0xa1, 0xdf, 0xb6, 0xbe, 0x14, 0x73, 0x7f, 0x3c, 0x27, 0x44, 0x9f, 0x3e,
  0xa7, 0x35, 0x35, 0xbe, 0xac, 0x73, 0xab, 0x3d, 0x1f, 0xaa, 0xc3, 0xbe,
  0xb0, 0x28, 0x59, 0xbd, 0xc9, 0x58, 0xa0, 0x3e, 0xe3, 0xd1, 0x38, 0xbe,
  0x01, 0xf1, 0x5b, 0xbe, 0x35, 0xa5, 0x33, 0xbe, 0xcb, 0x1e, 0x8f, 0xbc,
  0x67, 0xdb, 0x5e, 0x3e, 0x18, 0x4b, 0xac, 0x3d, 0x3b, 0xf8, 0x30, 0x3e,
  0x3a, 0x83, 0xdf, 0xbd, 0x8a, 0x1f, 0xc6, 0xbe, 0x63, 0x8c, 0xf0, 0x3d,
  0xc9, 0x45, 0xdf, 0x3d, 0xbf, 0x4b, 0x6a, 0xbe, 0x92, 0x42, 0x3e, 0x3c,
  0xbc, 0x54, 0x9a, 0x3e, 0x3f, 0x29, 0xd5, 0x3d, 0x66, 0xf7, 0x91, 0xbd,
  0x02, 0x70, 0x16, 0x3e, 0x7d, 0xa1, 0x87, 0xbd, 0xa8, 0x28, 0xd3, 0xbd,
  0x7c, 0x1c, 0x69, 0xbd, 0x14, 0x37, 0xab, 0x3d, 0xdf, 0x7d, 0x35, 0xbf,
  0x02, 0x0c, 0xb3, 0x3d, 0x63, 0x79, 0x3e, 0x3b, 0x77, 0x6c, 0x10, 0x3f,
  0xd3, 0x2a, 0x09, 0xbe, 0x0e, 0xbd, 0xd7, 0xbd, 0xe6, 0xa2, 0x40, 0xbb,
  0x73, 0xb4, 0x56, 0x3e, 0x80, 0xb2, 0xb4, 0x3e, 0x4d, 0x47, 0xd1, 0x3d,
  0x5a, 0xef, 0x8f, 0xbe, 0x5f, 0x55, 0x5a, 0x3e, 0x92, 0x46, 0x2c, 0xbc,
  0x27, 0x3c, 0x55, 0xbe, 0xe7, 0x1f, 0x86, 0x3d, 0xdd, 0xf6, 0x83, 0xbd,
  0x02, 0x15, 0x78, 0xbe, 0x4c, 0x73, 0x87, 0xbd, 0xdd, 0x15, 0x25, 0x3d,
  0x38, 0xd1, 0x22, 0x3f, 0x62, 0xb2, 0xb9, 0xbd, 0x27, 0xf7, 0x78, 0xbe,
  0xa9, 0xe9, 0x33, 0x3d, 0x31, 0x3c, 0x99, 0x3e, 0x7d, 0x10, 0xa3, 0xbd,
  0xa9, 0x1c, 0xbf, 0xbd, 0xc3, 0xf0, 0xbf, 0xbd, 0x2f, 0xd8, 0xa6, 0x3e,
  0x3f, 0x9d, 0x04, 0x3e, 0x6c, 0x49, 0xab, 0xbc, 0x81, 0xf7, 0xff, 0x3d,
  0xd8, 0xea, 0x96, 0xbe, 0x53, 0xd2, 0x0b, 0xbf, 0x9a, 0x0f, 0x08, 0x3e,
  0x61, 0x27, 0x9c, 0x3d, 0xc1, 0x23, 0x31, 0x3f, 0xa9, 0xbe, 0xc2, 0x3d,
  0x2b, 0xbf, 0x51, 0xbe, 0x6c, 0x18, 0xc4, 0x3d, 0x61, 0x4b, 0x80, 0x3e,
  0x0d, 0x08, 0x2d, 0x3e, 0x38, 0x53, 0x37, 0xbe, 0x6b, 0x3b, 0x0a, 0xbe,
  0xdf, 0x1d, 0x78, 0x3d, 0x18, 0x81, 0xce, 0xbe, 0x44, 0xac, 0x21, 0x3d,
  0x90, 0x6c, 0xce, 0xbd, 0x9d, 0x8d, 0x5d, 0xbe, 0xa9, 0x4b, 0x05, 0xbd,
  0x57, 0x71, 0x35, 0xbe, 0x4d, 0xb8, 0xc0, 0xbd, 0x3e, 0xc7, 0x7e, 0x3e,
  0x0d, 0x92, 0x89, 0xbd, 0xd6, 0x8d, 0x1e, 0xbe, 0x14, 0x9d, 0x08, 0xbe,
  0xce, 0x23, 0x0c, 0x3e, 0xc7, 0xde, 0x80, 0x3e, 0x50, 0x0b, 0x80, 0x3d,
  0x6b, 0x51, 0x8f, 0xbd, 0x57, 0x02, 0x57, 0x3e, 0xc7, 0x8c, 0xb4, 0xbe,
  0x12, 0xc6, 0xc9, 0xbd, 0x5c, 0x90, 0xeb, 0xbe, 0x97, 0x6a, 0xf8, 0xbd,
  0x3c, 0xf9, 0x0f, 0xbf, 0x10, 0x61, 0x26, 0xbe, 0x0d, 0x60, 0xc2, 0xbe,
  0x2f, 0x87, 0x41, 0xbd, 0x3c, 0x9d, 0x3e, 0xbe, 0xe2, 0xe7, 0x3a, 0xbf,
  0xb6, 0x5b, 0x0e, 0xbe, 0xf1, 0x68, 0x13, 0xbe, 0xae, 0xc6, 0x63, 0xbd,
  0x8f, 0xa5, 0xba, 0x3d, 0x58, 0xbb, 0x74, 0x3d, 0xfd, 0x4d, 0xee, 0x3d,
  0xa3, 0xd2, 0xac, 0xbc, 0xf6, 0xc3, 0x22, 0xbe, 0xeb, 0x2d, 0x70, 0x3d,
  0x9c, 0xe7, 0x4e, 0xbe, 0xdb, 0xe3, 0xf0, 0xbe, 0x21, 0xe1, 0x94, 0xbc,
  0x0c, 0x3d, 0x51, 0xbd, 0xeb, 0x61, 0x48, 0x3f, 0xcb, 0x8c, 0x2e, 0xbd,
  0x41, 0x8d, 0x43, 0xbf, 0x68, 0x87, 0xc1, 0xbd, 0xf6, 0x5b, 0x22, 0xbe,
  0x30, 0x36, 0x46, 0x3e, 0x0b, 0xf8, 0x6c, 0x3e, 0xb3, 0xc8, 0x16, 0xbd,
  0xf9, 0x2b, 0x9f, 0xbd, 0xf0, 0x95, 0x13, 0xbe, 0x2e, 0x31, 0xe6, 0x3d,
  0x06, 0xe5, 0xa6, 0x3d, 0xf5, 0xc4, 0x63, 0xbe, 0x80, 0x58, 0x38, 0xbd,
  0xbc, 0x63, 0x2e, 0xbd, 0xd6, 0xad, 0x46, 0xbe, 0x89, 0x51, 0xb7, 0x3d,
  0x27, 0x68, 0x3a, 0xbe, 0x71, 0x32, 0x2d, 0xbe, 0x71, 0xf0, 0x8b, 0x3e,
  0x88, 0xe2, 0xa5, 0x3e, 0xd1, 0x01, 0x4f, 0x3e, 0xaf, 0x56, 0xf9, 0x3d,
  0x5d, 0xec, 0x84, 0xbe, 0xee, 0x03, 0x87, 0xbd, 0xd6, 0xb6, 0x9b, 0xbe,
  0xbc, 0x37, 0x13, 0x3d, 0xea, 0x0d, 0x89, 0xbc, 0x98, 0x79, 0xb9, 0xbe,
  0x6f, 0x42, 0x49, 0x3e, 0xf4, 0x54, 0x23, 0x3b, 0x32, 0x24, 0x9b, 0xbd,
  0xcd, 0x8e, 0x16, 0xbf, 0xca, 0x7b, 0x44, 0xbe, 0x27, 0xa9, 0xe7, 0x3c,
  0xb5, 0xff, 0x6e, 0x3d, 0x38, 0x02, 0x44, 0x3c, 0x0b, 0x06, 0x87, 0x3d,
  0x21, 0x45, 0xdc, 0x3b, 0x6d, 0x83, 0x88, 0xbe, 0x2d, 0xd4, 0x02, 0xbc,
  0x2e, 0x4b, 0x3d, 0xbe, 0xa3, 0x79, 0xee, 0xbd, 0x4d, 0x1b, 0x00, 0x3e,
  0x60, 0x12, 0xa8, 0xbe, 0xb4, 0x4b, 0x63, 0x3d, 0x4e, 0x76, 0x1c, 0x3e,
  0xfe, 0x48, 0x6f, 0xbd, 0xd7, 0x31, 0xe7, 0x3e, 0x2e, 0x72, 0x01, 0xbe,
  0x74, 0x7d, 0x69, 0xbd, 0x8c, 0x6e, 0xd3, 0x3d, 0xbb, 0xfd, 0xc6, 0xbd,
  0x17, 0xb6, 0x88, 0xbe, 0x92, 0x46, 0x02, 0x3e, 0xb9, 0x13, 0xa3, 0xbd,
  0xf1, 0xd8, 0xd5, 0x3c, 0x06, 0x86, 0x83, 0x3d, 0xf8, 0x50, 0x4a, 0xbc,
  0x60, 0x74, 0x56, 0xbe, 0x4e, 0xda, 0x38, 0x3e, 0x82, 0x5f, 0x3c, 0xbe,
  0xca, 0x42, 0x35, 0xbe, 0xa5, 0xc7, 0x15, 0xbe, 0xb0, 0xfb, 0x81, 0xbe,
  0xcb, 0xaa, 0x93, 0x3d, 0x98, 0xf9, 0x8d, 0x3e, 0x8e, 0x5c, 0xe1, 0x3c,
  0x5b, 0x77, 0x94, 0xbd, 0xd1, 0x7b, 0x90, 0xbd, 0xb8, 0x67, 0x63, 0x3e,
  0xda, 0x2f, 0x12, 0xbd, 0x10, 0x37, 0x82, 0x3a, 0xde, 0x26, 0x61, 0x3e,
  0x0c, 0x12, 0xf5, 0x3d, 0x6a, 0x34, 0xac, 0xbe, 0x73, 0x18, 0xa2, 0x3e,
  0xe8, 0x8f, 0x23, 0xbe, 0x10, 0xf2, 0xca, 0xbd, 0xb6, 0xc5, 0xef, 0xbc,
  0x7d, 0xef, 0x6b, 0xbf, 0xef, 0x81, 0x0f, 0xbe, 0xa4, 0xe7, 0xd2, 0x3d,
  0xbb, 0x35, 0x9d, 0x3c, 0xe9, 0x06, 0xbc, 0x3d, 0x70, 0xfe, 0x20, 0x3d,
  0xec, 0x3d, 0x2d, 0x3e, 0x1f, 0xa6, 0xb1, 0x3e, 0x5f, 0x4e, 0x40, 0xbd,
  0x9b, 0x0c, 0xd2, 0x3e, 0xab, 0xab, 0x3d, 0xbd, 0xc5, 0x4b, 0xf4, 0xbe,
  0x04, 0x1f, 0xc4, 0x3e, 0xd3, 0x77, 0x22, 0xbe, 0xbf, 0x51, 0x7e, 0x3e,
  0xaf, 0xbe, 0x40, 0xbe, 0x73, 0xe4, 0x04, 0xbf, 0x5e, 0x41, 0xb3, 0x3c,
  0x30, 0xa5, 0x4a, 0x3e, 0xbe, 0xc5, 0x84, 0x3d, 0xa6, 0xb3, 0xbe, 0xbd,
  0xf9, 0x45, 0xab, 0xbe, 0x4d, 0x2c, 0x42, 0x3d, 0x10, 0x09, 0x72, 0xbb,
  0x4c, 0x69, 0xfc, 0x3c, 0x80, 0x5d, 0x86, 0xbe, 0x40, 0xc7, 0x14, 0xbe,
  0x93, 0x84, 0x85, 0xbe, 0x8c, 0xa4, 0xf9, 0xbe, 0xfc, 0x20, 0x73, 0x3e,
  0xc1, 0xe7, 0x0e, 0xbe, 0xcd, 0x1e, 0xaf, 0xbd, 0x88, 0x38, 0x45, 0x3e,
  0x91, 0xce, 0x69, 0xbd, 0x81, 0x0e, 0x17, 0x3e, 0x23, 0x3b, 0x75, 0x3c,
  0x7c, 0x6b, 0xd0, 0xbd, 0xac, 0xfe, 0x1d, 0xbd, 0x8e, 0xaa, 0x18, 0x3e,
  0x14, 0x54, 0x74, 0xbe, 0x3e, 0xa6, 0xf5, 0x3c, 0xc0, 0xd0, 0x4f, 0x3e,
  0x8f, 0xb3, 0xda, 0x3d, 0xc3, 0xe7, 0xa2, 0xbf, 0x0d, 0xff, 0x3c, 0xbe,
  0xf1, 0xf5, 0x48, 0xbd, 0xb2, 0x4c, 0x03, 0xbe, 0x93, 0xe1, 0x69, 0x3d,
  0x37, 0x8f, 0x7a, 0xbf, 0x18, 0x6d, 0x04, 0xbc, 0x90, 0x20, 0x5b, 0xbe,
  0x22, 0x6e, 0x5a, 0xbc, 0xf9, 0x0f, 0xb3, 0x3c, 0x07, 0xee, 0x04, 0x3e,
  0xe3, 0x6d, 0x1a, 0x3e, 0xe4, 0x79, 0x35, 0x3b, 0x09, 0xdb, 0x45, 0xbd,
  0xca, 0x77, 0xff, 0xbc, 0x84, 0x61, 0xe6, 0xbd, 0x9c, 0x5a, 0x8e, 0xbe,
  0x11, 0x00, 0x53, 0x3e, 0xbb, 0x51, 0x35, 0xbe, 0x68, 0x6e, 0xcd, 0x3d,
  0x11, 0xa0, 0x42, 0x3d, 0xd9, 0xd9, 0x6a, 0xbf, 0xa7, 0xab, 0x3f, 0xbe,
  0xf0, 0x82, 0x7a, 0xbe, 0xbd, 0x8d, 0x83, 0xbd, 0xa7, 0x54, 0x6e, 0xbe,
  0x60, 0xfb, 0xdd, 0xbe, 0xa6, 0x89, 0x20, 0xbe, 0x08, 0xa6, 0xd9, 0x3d,
  0xb9, 0x0a, 0xd6, 0xbd, 0xe7, 0x69, 0x4d, 0x3e, 0x22, 0x8e, 0x59, 0xbe,
  0xfd, 0xb9, 0x71, 0x3e, 0x7e, 0xc4, 0x31, 0xbc, 0x60, 0xa1, 0x26, 0xbc,
  0x8c, 0x63, 0x3b, 0x3e, 0xba, 0x78, 0x15, 0xbf, 0x97, 0xb0, 0xc2, 0x3c,
  0x4b, 0x21, 0x4f, 0xbd, 0x59, 0xfa, 0xec, 0x3e, 0x0c, 0xf1, 0x9b, 0xbc,
  0xbe, 0x73, 0x0b, 0xbf, 0xd8, 0x84, 0xfa, 0xbe, 0xf6, 0x52, 0x68, 0xbd,
  0x36, 0xee, 0x11, 0x3e, 0xb0, 0x76, 0xa0, 0x3d, 0x1e, 0x43, 0x0d, 0x3f,
  0x4e, 0xef, 0x20, 0xbd, 0x28, 0xd0, 0x0d, 0xbf, 0xec, 0xea, 0x7a, 0xbe,
  0x22, 0x79, 0xb5, 0xbc, 0xa0, 0xdf, 0x6b, 0x3d, 0x68, 0x7a, 0xbf, 0xbd,
  0xb1, 0xa0, 0xde, 0xbe, 0x33, 0xf1, 0x1d, 0x3e, 0x5e, 0x2b, 0x19, 0x3f,
  0xb4, 0xc5, 0x55, 0xbe, 0x9e, 0x87, 0x6c, 0xbe, 0x18, 0x73, 0xa9, 0xbd,
  0xa4, 0x3c, 0xc8, 0xbd, 0x63, 0xdb, 0x4b, 0x3e, 0x02, 0x9a, 0x15, 0x3e,
  0x35, 0x37, 0x42, 0x3e, 0xe8, 0xde, 0x8d, 0xbd, 0xff, 0x65, 0x9b, 0x3d,
  0xcb, 0x4e, 0xae, 0x3e, 0xe2, 0xbf, 0x94, 0xbd, 0xf8, 0x1d, 0x54, 0x3e,
  0x4f, 0xc0, 0xc4, 0xbd, 0x58, 0x6a, 0x2f, 0xbf, 0xb3, 0xcd, 0xeb, 0xbd,
  0x6b, 0x28, 0x85, 0x3b, 0x27, 0x2c, 0x81, 0xbd, 0xd8, 0x9d, 0xa6, 0xbe,
  0xa3, 0xbc, 0x97, 0xbd, 0xd4, 0xd1, 0x36, 0x3e, 0x64, 0x3c, 0x17, 0xbe,
  0x43, 0x24, 0x32, 0x3e, 0xd5, 0x0e, 0x51, 0x3e, 0x3a, 0x52, 0x0e, 0x3d,
  0x31, 0x62, 0xb4, 0xbe, 0x06, 0xf0, 0x72, 0x3e, 0x52, 0x3b, 0x96, 0x3e,
  0x62, 0xd1, 0x40, 0xbd, 0xe5, 0x70, 0x9b, 0xbe, 0xb1, 0xeb, 0x7d, 0xbf,
  0xda, 0xe9, 0x91, 0xbd, 0x7f, 0x3f, 0xcb, 0x3e, 0x06, 0x09, 0xfd, 0x3d,
  0xdb, 0x8b, 0xce, 0x3b, 0x39, 0xd7, 0x59, 0xbe, 0x7a, 0xe6, 0x95, 0x3d,
  0x55, 0xbc, 0x00, 0xbe, 0x3a, 0xfc, 0x4b, 0x3d, 0xb2, 0x33, 0x08, 0xbe,
  0x10, 0x50, 0xca, 0xbd, 0xed, 0xb1, 0x9a, 0xbf, 0x1b, 0xa0, 0x8f, 0xbe,
  0x2d, 0xcd, 0xa8, 0x3b, 0xb8, 0xbd, 0x9e, 0xbe, 0xfb, 0xe0, 0x64, 0xbd,
  0x2e, 0x52, 0x92, 0xbf, 0x00, 0x51, 0xaf, 0xbe, 0x04, 0x5d, 0x4f, 0xbe,
  0x16, 0xa9, 0xf6, 0x3d, 0x31, 0x43, 0x9e, 0xbd, 0x1f, 0x01, 0x12, 0xbe,
  0x9b, 0xcc, 0xe5, 0x3d, 0x30, 0x78, 0x60, 0x3b, 0x8a, 0x57, 0x10, 0x3e,
  0x7b, 0xcb, 0x96, 0x3e, 0xc0, 0x56, 0x33, 0xbd, 0xb6, 0xde, 0x0b, 0xbf,
  0xa4, 0x68, 0x6f, 0x3d, 0x9c, 0x2d, 0x1c, 0x3c, 0x54, 0x65, 0x46, 0xbd,
  0x0a, 0x60, 0x7c, 0xbe, 0x61, 0x13, 0xb5, 0xbf, 0x4b, 0xea, 0x1d, 0x3d,
  0x89, 0x78, 0x91, 0x3e, 0xd1, 0x38, 0x1c, 0x3a, 0x4e, 0x3a, 0xd0, 0xbd,
  0x39, 0xfc, 0x89, 0xbe, 0x6a, 0xc7, 0x94, 0x3d, 0xf1, 0x27, 0x1a, 0x3e,
  0xff, 0x9e, 0xca, 0x3b, 0x76, 0x0e, 0x27, 0x3e, 0x19, 0x48, 0x99, 0x3d,
  0x39, 0x3c, 0x56, 0xbe, 0x9f, 0x8e, 0x77, 0xba, 0xcf, 0xb8, 0xa1, 0x3e,
  0x6a, 0xbb, 0x19, 0x3d, 0x33, 0x22, 0x9a, 0xbe, 0x9a, 0xd8, 0x98, 0xbe,
  0x42, 0x6c, 0x80, 0xbc, 0x44, 0xee, 0xd3, 0x3e, 0x4a, 0xb0, 0xe9, 0x3d,
  0x7b, 0xe1, 0x54, 0xbe, 0xf2, 0x83, 0xc4, 0xbd, 0xd8, 0x76, 0xa6, 0x3b,
  0x20, 0x3b, 0x8f, 0xbd, 0x63, 0xd4, 0x3a, 0x3c, 0xe5, 0xf2, 0x3f, 0xbe,
  0x26, 0xff, 0x79, 0xbd, 0xe7, 0x83, 0x43, 0xbf, 0x49, 0x65, 0x24, 0xbe,
  0x09, 0xd1, 0x3f, 0x3e, 0x0c, 0xfd, 0x14, 0xbe, 0x85, 0x79, 0xb0, 0xbd,
  0x38, 0x55, 0x29, 0xbf, 0x1f, 0xc9, 0x79, 0xbe, 0xde, 0x79, 0xa8, 0xbd,
  0x09, 0x34, 0x14, 0xbe, 0x61, 0xe4, 0x61, 0xbd, 0xaa, 0x6c, 0xcd, 0xbd,
  0x7e, 0xe0, 0x41, 0x3d, 0x29, 0xe8, 0x5b, 0x3e, 0x81, 0x9e, 0x91, 0xbb,
  0x88, 0x7f, 0xc0, 0x3e, 0xc8, 0xc4, 0x63, 0x3d, 0x33, 0xb7, 0x71, 0xbe,
  0xb9, 0xbf, 0xac, 0x3e, 0xdb, 0xd0, 0xa2, 0x3e, 0x38, 0x78, 0x3b, 0x3e,
  0x1b, 0x2e, 0x51, 0xbe, 0x1f, 0x04, 0x0b, 0xbf, 0xba, 0x5e, 0x12, 0xbe,
  0x69, 0xa7, 0xa5, 0x3e, 0x6b, 0x96, 0x0e, 0xbd, 0xad, 0x37, 0x8a, 0xbe,
  0x43, 0x34, 0xc3, 0xbe, 0xa7, 0x78, 0x31, 0x3e, 0xd6, 0xbd, 0xbc, 0x3d,
  0xfd, 0x4e, 0x55, 0xbe, 0xb7, 0x28, 0x12, 0xbd, 0xb3, 0xbc, 0x83, 0xbd,
  0xc4, 0x75, 0x38, 0x3e, 0xee, 0xf1, 0x69, 0xbe, 0x06, 0x0d, 0xfb, 0x3e,
  0x32, 0x8b, 0xd8, 0x3d, 0xac, 0x0a, 0xac, 0xbe, 0xa3, 0x2f, 0xb0, 0x3e,
  0x62, 0x51, 0x6b, 0xbe, 0x33, 0x6f, 0xb8, 0x3e, 0xf1, 0xfd, 0x5e, 0x3c,
  0x94, 0x6d, 0x15, 0xbd, 0x2d, 0xa5, 0x02, 0xbe, 0x3f, 0xbf, 0xb0, 0x3d,
  0x0a, 0xc1, 0xdf, 0xbd, 0x6e, 0x71, 0x1c, 0xbe, 0x67, 0x6c, 0x4b, 0x3e,
  0xa6, 0x68, 0x9c, 0xbb, 0x3c, 0x42, 0x93, 0x3d, 0x0c, 0xd3, 0x4e, 0xba,
  0x3b, 0x0f, 0xd5, 0x3e, 0x45, 0x14, 0x04, 0x3e, 0xac, 0xc2, 0xce, 0xbd,
  0x44, 0x62, 0x61, 0x3c, 0x94, 0x55, 0x44, 0xbe, 0x47, 0x70, 0xa4, 0xbd,
  0x74, 0x01, 0xb9, 0xbc, 0xb1, 0x58, 0x14, 0x3d, 0x9e, 0xfd, 0xb3, 0xbd,
  0xe7, 0x75, 0xff, 0xbc, 0xab, 0x9e, 0x35, 0x3e, 0x0d, 0x9b, 0x23, 0xbe,
  0xd5, 0xff, 0x17, 0x3e, 0xe0, 0xb2, 0x8e, 0xbd, 0xd7, 0x11, 0xd2, 0xbd,
  0x2d, 0xa0, 0x15, 0x3f, 0xbc, 0xe5, 0xc4, 0x3e, 0xaa, 0x54, 0xce, 0x3e,
  0x66, 0x89, 0x43, 0xbe, 0x08, 0xb3, 0x72, 0xbe, 0xb7, 0x7c, 0x0d, 0xbe,
  0xbf, 0x28, 0xb3, 0x3d, 0x4d, 0x32, 0x99, 0xbd, 0x67, 0xe6, 0x2f, 0x3d,
  0x68, 0xc3, 0x81, 0x3e, 0xfb, 0x6a, 0xc9, 0x3e, 0x82, 0xdc, 0x61, 0xbe,
  0x4e, 0x4a, 0x1f, 0xbe, 0xec, 0x43, 0x71, 0x3e, 0x6f, 0xdc, 0xb5, 0xbe,
  0x02, 0x31, 0xc8, 0xbd, 0xc3, 0xb0, 0x3c, 0xbe, 0xec, 0x84, 0x07, 0xbe,
  0xcf, 0xbf, 0x46, 0xbd, 0x1a, 0xef, 0x25, 0xbf, 0x0f, 0x4e, 0xad, 0x3e,
  0x5e, 0xa2, 0x09, 0xbc, 0x42, 0x91, 0xc6, 0xbe, 0xc4, 0x46, 0x63, 0x3e,
  0x34, 0x48, 0xe3, 0xbe, 0xd2, 0xd6, 0x0e, 0x3e, 0x52, 0xa0, 0x66, 0x3e,
  0x6b, 0x8f, 0xa2, 0xbd, 0xd9, 0x5c, 0x88, 0xbe, 0x5f, 0x64, 0x54, 0xbe,
  0x5b, 0x59, 0x7f, 0xbe, 0xae, 0xd3, 0xf0, 0x3d, 0xf5, 0xe7, 0x6d, 0xbe,
  0xcf, 0xb0, 0x9b, 0xbd, 0xd8, 0x57, 0xe7, 0xbd, 0x13, 0x48, 0xa3, 0xbd,
  0x33, 0x28, 0x9b, 0x3e, 0x55, 0x07, 0x30, 0xbe, 0x3d, 0x4c, 0x03, 0xbf,
  0x39, 0xe5, 0x93, 0x3d, 0x65, 0xa9, 0x84, 0xbd, 0x76, 0x43, 0x90, 0xbe,
  0xd1, 0x6a, 0xb0, 0x3d, 0x21, 0x98, 0xb9, 0xbe, 0xd3, 0x51, 0x92, 0xbe,
  0xdf, 0xfa, 0x51, 0xbe, 0xbe, 0x91, 0xc4, 0xbd, 0xa4, 0xf3, 0xc2, 0x3d,
  0xaf, 0xa7, 0xf4, 0xbe, 0xe6, 0xd3, 0x52, 0x3c, 0x44, 0x85, 0x8d, 0x3b,
  0x68, 0xa2, 0x00, 0x3e, 0xfc, 0x89, 0xbd, 0x3e, 0xce, 0xe8, 0xc0, 0xbe,
  0x36, 0x70, 0x0c, 0xbf, 0x5b, 0x49, 0x0c, 0x3d, 0xdb, 0xdb, 0xb4, 0x3e,
  0x4e, 0x18, 0x63, 0x3e, 0x4c, 0xdb, 0xed, 0xbd, 0xec, 0x7b, 0x2a, 0xbe,
  0x75, 0xb9, 0x3e, 0x3d, 0x36, 0xc7, 0xa7, 0x3d, 0x61, 0xf7, 0x49, 0x3e,
  0x4c, 0x11, 0x12, 0x3e, 0xd7, 0x2c, 0x22, 0xbf, 0x1c, 0xcf, 0x0f, 0xbe,
  0x83, 0xae, 0xaf, 0xbd, 0xd6, 0xc8, 0x70, 0xbe, 0x2c, 0xe6, 0xe8, 0x3e,
  0x4f, 0x68, 0x31, 0x3e, 0x38, 0x39, 0x4c, 0xbe, 0x5e, 0xe8, 0xc5, 0x3c,
  0x68, 0x61, 0x40, 0x3e, 0x7f, 0x8c, 0xab, 0x3e, 0xe4, 0x44, 0x3b, 0xbd,
  0x56, 0x1a, 0x40, 0xbe, 0xc4, 0x04, 0x88, 0x3e, 0x91, 0x3f, 0x72, 0xbd,
  0xfa, 0x75, 0x1c, 0x3e, 0xb5, 0x4d, 0x79, 0xbd, 0xaa, 0x4c, 0xc7, 0xbe,
  0x7d, 0xcd, 0x7e, 0x3e, 0x50, 0x4c, 0xf0, 0x3d, 0x51, 0x5c, 0xb4, 0xbd,
  0x0c, 0x72, 0xd7, 0xbf, 0xa8, 0x07, 0xe7, 0x3d, 0x84, 0x5d, 0x9c, 0xbe,
  0xd2, 0x93, 0x76, 0x3d, 0x1d, 0x4c, 0x03, 0xbe, 0x9f, 0x57, 0x65, 0xbe,
  0xf9, 0x3f, 0x9a, 0x3c, 0x6a, 0xd3, 0x75, 0xbe, 0xdd, 0x6c, 0x1e, 0x3e,
  0xdf, 0x90, 0x15, 0xbc, 0x70, 0x8b, 0x9b, 0x3e, 0x4c, 0xa5, 0x0f, 0x3e,
  0x88, 0x7e, 0xb2, 0xbe, 0xb8, 0x6d, 0x28, 0xbe, 0xf4, 0xaa, 0x12, 0x3e,
  0x46, 0x7c, 0x48, 0x3d, 0x08, 0x71, 0x1c, 0x3f, 0x18, 0xe1, 0x24, 0x3e,
  0x6e, 0x21, 0x27, 0xbd, 0x38, 0xe4, 0x4e, 0x3d, 0x49, 0x57, 0xec, 0x3d,
  0x18, 0x95, 0xd5, 0x3d, 0xc2, 0x79, 0x5c, 0x3e, 0xfe, 0x0d, 0x66, 0xbd,
  0xb9, 0x4d, 0x12, 0x3e, 0x38, 0xf2, 0x50, 0xbe, 0xda, 0xad, 0xe4, 0xbb,
  0xa7, 0xbe, 0xde, 0xbd, 0x9d, 0x78, 0x48, 0xbf, 0xa2, 0xb0, 0x35, 0xbf,
  0x23, 0x5a, 0x28, 0xbe, 0x8f, 0x01, 0xa7, 0x3b, 0xa7, 0x2d, 0x09, 0xbd,
  0x66, 0x1e, 0xfd, 0x3d, 0xc0, 0xb8, 0xf9, 0xbe, 0xf5, 0x29, 0x85, 0xbd,
  0xbf, 0xfd, 0xd8, 0xbd, 0xcb, 0x56, 0x54, 0xbd, 0xe6, 0xa1, 0xd0, 0x39,
  0xdb, 0xb9, 0x99, 0xbc, 0xd4, 0xc6, 0xcf, 0x3d, 0xb2, 0x48, 0xc8, 0x3d,
  0x8d, 0x19, 0x43, 0xbd, 0xe0, 0xdf, 0x5a, 0x3e, 0x8e, 0x44, 0xbb, 0xbe,
  0x8b, 0x51, 0x7e, 0xbe, 0x4d, 0xb3, 0xc2, 0x3d, 0x8a, 0x49, 0x18, 0x3d,
  0x45, 0xf0, 0xde, 0xbe, 0x73, 0x9a, 0x1d, 0xbd, 0x16, 0xb1, 0xec, 0xbe,
  0xeb, 0x1e, 0x79, 0xbe, 0x64, 0x9c, 0x83, 0xbe, 0xc3, 0xbd, 0x1f, 0xbe,
  0x17, 0x40, 0x01, 0xbd, 0x9a, 0xbd, 0xc6, 0xbc, 0xf9, 0x7e, 0x99, 0x3c,
  0xb1, 0x62, 0x82, 0x3e, 0x85, 0xa1, 0x38, 0x3d, 0xa1, 0x3a, 0x85, 0x3e,
  0x12, 0xa3, 0x91, 0x3c, 0x5d, 0x49, 0xd7, 0xbd, 0xcd, 0xc6, 0xa3, 0x3e,
  0x7d, 0x70, 0x30, 0x3e, 0xbc, 0x32, 0x04, 0x3f, 0x19, 0xe5, 0xc3, 0x3c,
  0x30, 0x3c, 0x3e, 0xbf, 0x4f, 0xa0, 0x45, 0xbe, 0xbe, 0x52, 0x06, 0xbf,
  0x06, 0xff, 0x2d, 0x3e, 0x46, 0xd0, 0x38, 0x3b, 0xdc, 0x3f, 0x15, 0xbe,
  0x2c, 0x44, 0x09, 0x3e, 0x12, 0xf1, 0x95, 0xbd, 0x93, 0xdd, 0x0e, 0x3d,
  0xaf, 0x76, 0xf2, 0xbe, 0x1c, 0x79, 0xcb, 0x3d, 0x08, 0x4b, 0x90, 0xbd,
  0x61, 0x24, 0x0c, 0xbd, 0x7c, 0xdb, 0x20, 0x3d, 0xa7, 0xf1, 0x32, 0xbd,
  0x35, 0x30, 0xee, 0xbd, 0xe3, 0xb7, 0xb2, 0xbe, 0x5d, 0x3d, 0x9c, 0x3d,
  0xe1, 0x90, 0x4f, 0x3e, 0x03, 0x2b, 0x4e, 0x3d, 0x03, 0xdb, 0xfe, 0x3d,
  0x0f, 0x25, 0x6d, 0xbd, 0xbb, 0x41, 0x3a, 0x3e, 0x48, 0xdc, 0x59, 0xbe,
  0xa5, 0x08, 0x2c, 0xbe, 0xca, 0x1c, 0x47, 0xbd, 0x27, 0x8c, 0xbd, 0xbe,
  0x20, 0xc5, 0x8d, 0xbe, 0xff, 0x2f, 0x01, 0x3d, 0xad, 0x75, 0xdf, 0x3d,
  0xf7, 0xe8, 0xeb, 0x3e, 0xdb, 0x07, 0x41, 0xbd, 0x6a, 0x37, 0x9a, 0xbd,
  0x64, 0xfe, 0xc2, 0x3d, 0x4e, 0x7b, 0x42, 0xbb, 0x2b, 0x41, 0xfe, 0x3d,
  0x74, 0xac, 0x23, 0x3e, 0xac, 0x05, 0x74, 0xbe, 0x4c, 0xef, 0x47, 0x3e,
  0xf5, 0xa8, 0x3e, 0x3e, 0x14, 0x40, 0xa0, 0x3d, 0x19, 0x32, 0x4d, 0xbd,
  0xc0, 0xed, 0x08, 0xbe, 0x83, 0x2c, 0x19, 0xbf, 0x82, 0xec, 0xfb, 0xbc,
  0x32, 0xa8, 0x65, 0xbc, 0x5b, 0x31, 0x7b, 0x3f, 0x42, 0xda, 0x59, 0x3e,
  0x30, 0x38, 0x5f, 0xbe, 0x95, 0xb2, 0x4f, 0x3d, 0x51, 0x17, 0x8e, 0x3e,
  0x8a, 0x61, 0x8a, 0xbd, 0x95, 0xae, 0xbc, 0xbd, 0x54, 0xf6, 0x2d, 0xbe,
  0xee, 0xe2, 0x3b, 0x3c, 0x59, 0xd5, 0x38, 0xbf, 0x3b, 0x54, 0x27, 0xbe,
  0x4b, 0xf8, 0xaf, 0xbe, 0x03, 0xf3, 0x0a, 0xbf, 0xa0, 0xaf, 0x83, 0x3e,
  0x7d, 0x16, 0x2b, 0xbe, 0xf2, 0xe7, 0x21, 0xbc, 0x99, 0xef, 0xb1, 0xbd,
  0xaa, 0x21, 0xe2, 0xbd, 0x21, 0x11, 0x86, 0xbf, 0x68, 0x5d, 0x8e, 0xbd,
  0xab, 0x3c, 0x83, 0x3e, 0xb9, 0x17, 0x4e, 0x3e, 0xce, 0x82, 0x1d, 0x3c,
  0x89, 0x78, 0x18, 0xbe, 0x3e, 0x38, 0x53, 0x3e, 0x53, 0xe0, 0xe9, 0xbe,
  0x7e, 0x88, 0x4d, 0xbe, 0x9d, 0xf4, 0xe7, 0xbd, 0x9a, 0x70, 0x11, 0xbe,
  0x2e, 0xdb, 0x60, 0xbe, 0x31, 0x8e, 0x57, 0xbe, 0x0c, 0x00, 0x07, 0xbe,
  0x9f, 0xf9, 0x03, 0x3f, 0xbf, 0x25, 0x83, 0xbd, 0x36, 0x28, 0x9d, 0xbe,
  0x14, 0x5c, 0xa3, 0x3d, 0x81, 0x19, 0x11, 0x3d, 0xb1, 0xca, 0x55, 0x3e,
  0x4a, 0x34, 0x23, 0x3d, 0x01, 0x25, 0xc2, 0x3d, 0xd8, 0x65, 0xe6, 0x3d,
  0x54, 0xec, 0xd1, 0x3d, 0xbd, 0x0f, 0x8b, 0xbe, 0x61, 0x26, 0xec, 0xbd,
  0x41, 0xa6, 0x56, 0xbe, 0x22, 0xfe, 0xb8, 0xbe, 0xbe, 0x8c, 0x1a, 0xbe,
  0x8b, 0x02, 0x00, 0xbe, 0x18, 0x30, 0x04, 0xbe, 0x5e, 0xa5, 0xa9, 0xbb,
  0x35, 0x23, 0xf2, 0xbe, 0x1a, 0x64, 0x50, 0xbe, 0x70, 0xb2, 0x17, 0xbf,
  0xe9, 0x7c, 0xb4, 0xbd, 0x96, 0x22, 0x80, 0x3e, 0x1e, 0xcd, 0x54, 0xbe,
  0x20, 0xda, 0x4e, 0xbc, 0x18, 0x64, 0xa4, 0xbe, 0x03, 0x34, 0x9c, 0x3c,
  0x7d, 0x53, 0x95, 0x3e, 0xb9, 0x50, 0xfb, 0xbe, 0xb6, 0xd7, 0x97, 0x3e,
  0xc6, 0x06, 0x58, 0xbd, 0x38, 0xc5, 0x0b, 0xbe, 0xdf, 0x9a, 0xaf, 0xbf,
  0xbd, 0xa4, 0x7e, 0xbd, 0xa5, 0xd1, 0x70, 0xbe, 0xc4, 0x72, 0xbf, 0x3d,
  0x2a, 0x23, 0xe1, 0x3d, 0x60, 0xc2, 0x53, 0x3e, 0xcf, 0xde, 0x81, 0xbd,
  0xdb, 0xc8, 0x0f, 0xbe, 0x64, 0x9e, 0x2b, 0xbd, 0xdd, 0x44, 0x30, 0xbe,
  0xa9, 0x02, 0x44, 0x3e, 0x25, 0x07, 0xde, 0x3c, 0x79, 0x4a, 0x21, 0xbe,
  0x41, 0x7f, 0x45, 0xbd, 0x82, 0x29, 0x5a, 0xbd, 0xb2, 0xd4, 0xdb, 0x3c,
  0x4a, 0xb3, 0xca, 0x3e, 0xdc, 0xb9, 0x64, 0xbd, 0x07, 0xb4, 0x9f, 0xbe,
  0x57, 0xfb, 0x1b, 0x3e, 0x36, 0xcb, 0xf0, 0xbc, 0x58, 0x32, 0xbc, 0x3d,
  0xc1, 0x62, 0x8e, 0x3d, 0x0e, 0x5a, 0xd4, 0xbd, 0x3b, 0x7f, 0x19, 0xbe,
  0x8e, 0xe9, 0xa8, 0xbd, 0xd6, 0xfe, 0x5a, 0x3d, 0x67, 0x02, 0x3e, 0xbd,
  0x7b, 0x64, 0x5d, 0xbe, 0x0c, 0x98, 0x12, 0x3e, 0x9e, 0x1f, 0x43, 0x3c,
  0xb6, 0x8c, 0x3f, 0xbe, 0xe4, 0x6b, 0xa4, 0xbe, 0x05, 0x27, 0x38, 0xbe,
  0xf2, 0x19, 0xb6, 0xbd, 0x43, 0x66, 0x66, 0x3e, 0x00, 0x94, 0x6e, 0x3d,
  0x7a, 0x70, 0xad, 0x3d, 0x1b, 0x2a, 0xa3, 0xbd, 0x50, 0x0b, 0xc2, 0x3e,
  0x57, 0xd9, 0x30, 0xbe, 0x96, 0xd2, 0x5d, 0xbd, 0x5e, 0xee, 0x33, 0xbe,
  0x68, 0x34, 0x5a, 0x3d, 0xe4, 0xd1, 0xa8, 0xbe, 0xeb, 0x1f, 0xb1, 0xbe,
  0x27, 0x92, 0x8b, 0x3d, 0xe1, 0x68, 0x0c, 0xbf, 0x57, 0x72, 0x8f, 0x3e,
  0x2f, 0xcc, 0x14, 0xbc, 0xe7, 0x3b, 0x59, 0xbe, 0xc0, 0x8f, 0xcb, 0x3c,
  0xf3, 0xf7, 0xf5, 0xbe, 0x00, 0xd2, 0x2c, 0x3d, 0x6b, 0x44, 0x17, 0x3e,
  0x7e, 0x5d, 0x08, 0xbe, 0x7b, 0x98, 0xc5, 0xbe, 0x46, 0xff, 0x5d, 0xbd,
  0x1c, 0x79, 0x13, 0xbe, 0x69, 0x79, 0xe9, 0xbc, 0xf4, 0xa1, 0xba, 0xbe,
  0x30, 0x2f, 0xae, 0xbe, 0xef, 0x2e, 0x00, 0xbe, 0xd3, 0x72, 0x96, 0xbe,
  0xed, 0x8a, 0xe0, 0x3d, 0xcd, 0x11, 0x47, 0xbe, 0xee, 0x1e, 0x24, 0xbe,
  0x2c, 0xf8, 0xde, 0x3d, 0xb9, 0x4b, 0x2b, 0xbe, 0x99, 0x65, 0x00, 0xbd,
  0xb1, 0x12, 0xf6, 0x3e, 0x4d, 0x2c, 0xda, 0xbe, 0x5b, 0x72, 0xa2, 0xbc,
  0x4f, 0xf4, 0x52, 0xbe, 0x5e, 0xe8, 0x25, 0xbe, 0xdc, 0x88, 0xd6, 0xbe,
  0xf0, 0xe7, 0x6a, 0xbe, 0x4c, 0x32, 0x3f, 0x3e, 0xcc, 0xfe, 0x75, 0xbe,
  0xde, 0x87, 0x68, 0x3e, 0x0f, 0x82, 0x88, 0xbe, 0x4f, 0x83, 0x49, 0xbd,
  0x72, 0xa9, 0x76, 0xbe, 0xaf, 0xaf, 0xcc, 0x3e, 0xdd, 0x05, 0x73, 0x3e,
  0xf8, 0x80, 0xd7, 0x3e, 0xe2, 0x7d, 0x31, 0x3e, 0x7f, 0xd2, 0x97, 0x3e,
  0x3b, 0xb0, 0x1f, 0xbc, 0x05, 0xde, 0x40, 0xbd, 0x5d, 0xb6, 0x0c, 0x3e,
  0xa3, 0xe1, 0xc3, 0x3e, 0x1b, 0xb4, 0x02, 0xbf, 0x2a, 0x4b, 0x3c, 0x3e,
  0x4c, 0x28, 0x09, 0xbd, 0xfe, 0x59, 0xdc, 0xbd, 0x96, 0x68, 0xf4, 0x3e,
  0xea, 0xb8, 0x98, 0x3e, 0x0b, 0xbe, 0x54, 0xbe, 0xbe, 0x0b, 0xfe, 0x3d,
  0xd9, 0x61, 0x97, 0x3e, 0xa9, 0x9f, 0x87, 0x3e, 0xa1, 0xdc, 0xb5, 0xbd,
  0x58, 0x21, 0x57, 0xbe, 0x1c, 0xfc, 0x5b, 0xbd, 0x5a, 0xad, 0x13, 0x3d,
  0xa6, 0x14, 0x1b, 0x3e, 0x44, 0xad, 0xa2, 0x3e, 0xa1, 0x5d, 0x5a, 0xbe,
  0x05, 0xa1, 0x04, 0x3e, 0x3b, 0x76, 0x37, 0xbc, 0xb0, 0xf1, 0x3c, 0xbe,
  0xe3, 0x21, 0xca, 0x3e, 0x5d, 0x04, 0xb7, 0x3d, 0xcf, 0x94, 0xad, 0x3d,
  0x51, 0xd9, 0x2a, 0xbe, 0x3c, 0x99, 0x6c, 0xbd, 0x27, 0xf4, 0xb4, 0x3d,
  0xa7, 0xee, 0x1e, 0xbe, 0xcc, 0x0f, 0x8c, 0xbe, 0xca, 0xf6, 0xd7, 0xbc,
  0x9e, 0xa7, 0x15, 0xbe, 0xe0, 0x4d, 0x9a, 0x3d, 0x0e, 0xb0, 0x11, 0xbe,
  0x89, 0x73, 0x9b, 0xbf, 0xad, 0xe5, 0x97, 0x3e, 0xa1, 0xcd, 0x76, 0xbe,
  0x2c, 0x76, 0x90, 0xbe, 0x5c, 0x35, 0x1a, 0xbf, 0xb5, 0x68, 0xb1, 0xbd,
  0xd2, 0x6b, 0x24, 0xbe, 0x9f, 0x19, 0x1b, 0x3d, 0xbf, 0xfb, 0x96, 0xbe,
  0x3a, 0xbc, 0x1d, 0xbe, 0x53, 0x66, 0x30, 0xbe, 0x3b, 0x3c, 0x7b, 0x3d,
  0xd3, 0x65, 0x57, 0x3e, 0xf5, 0x1e, 0x11, 0x3e, 0xf1, 0x6b, 0x35, 0xbd,
  0x4b, 0x56, 0x7c, 0x3d, 0x31, 0xfd, 0x9d, 0xbd, 0x4b, 0x0f, 0x20, 0xbf,
  0x6b, 0xbf, 0xce, 0x3c, 0x53, 0x1a, 0x2d, 0x3c, 0x97, 0xdb, 0x39, 0xbe,
  0xd7, 0x68, 0x6f, 0x3e, 0x66, 0x88, 0x60, 0xbe, 0x87, 0x9d, 0x9e, 0xbe,
  0x3f, 0x8d, 0x51, 0xbe, 0xa1, 0xce, 0x68, 0xbe, 0x7c, 0xe5, 0x5e, 0xbd,
  0xfa, 0x1c, 0x51, 0xbe, 0x35, 0x56, 0x86, 0x3e, 0xdd, 0x8d, 0xb0, 0x3e,
  0x6b, 0x09, 0xc1, 0x3d, 0x21, 0x32, 0x1f, 0xbe, 0x36, 0x50, 0xac, 0xbd,
  0xfb, 0xb1, 0x24, 0x3c, 0x50, 0x75, 0xd9, 0x3d, 0x71, 0x29, 0xc3, 0x3d,
  0x68, 0x66, 0x6e, 0x3e, 0xc8, 0x37, 0xdf, 0x3d, 0x49, 0xc7, 0xae, 0xbe,
  0x5f, 0x35, 0xfe, 0xbd, 0xd1, 0x16, 0x92, 0xbe, 0x7b, 0x43, 0x64, 0xbc,
  0x15, 0x18, 0x9e, 0xbd, 0x7a, 0x19, 0x3d, 0x3d, 0xb5, 0xb8, 0x6a, 0xbe,
  0xc5, 0xa1, 0x44, 0x3e, 0x2e, 0x75, 0x2a, 0x3e, 0x57, 0x13, 0x06, 0xbf,
  0xbb, 0xe3, 0xaf, 0xbe, 0xc1, 0x2f, 0x69, 0x3e, 0x8c, 0xeb, 0xfd, 0xbd,
  0x68, 0xbd, 0xdc, 0x3d, 0xb1, 0x8d, 0x21, 0xbf, 0x0b, 0xb1, 0x5c, 0xbd,
  0xe2, 0x60, 0x41, 0xbf, 0x7a, 0x6d, 0xb2, 0xbe, 0x95, 0x1e, 0xa0, 0x3d,
  0xf3, 0x92, 0x26, 0xbe, 0xb8, 0x9e, 0x96, 0xbd, 0xce, 0xdb, 0x7c, 0xbc,
  0xb4, 0x8a, 0x3c, 0x3e, 0x36, 0xfd, 0xb1, 0x3d, 0x9d, 0x8f, 0x3c, 0x3e,
  0xc3, 0x9c, 0xd1, 0xbe, 0x97, 0x33, 0xf2, 0x3d, 0xe7, 0x61, 0x5f, 0x3e,
  0x5d, 0x46, 0xe7, 0x3d, 0x2c, 0xc2, 0xea, 0x3d, 0x13, 0x46, 0x1a, 0x3e,
  0xc1, 0x80, 0x41, 0x3e, 0xa7, 0x91, 0xab, 0x3e, 0x2d, 0x8e, 0xc0, 0xbc,
  0xf7, 0xea, 0x95, 0xbe, 0x46, 0x32, 0xb0, 0xbe, 0x63, 0x7d, 0x31, 0xbe,
  0xba, 0x5e, 0xd5, 0x3b, 0x86, 0x88, 0x81, 0x3b, 0x82, 0x9f, 0x3c, 0xbe,
  0xb9, 0x6b, 0x3f, 0x3d, 0x79, 0xcc, 0x17, 0xbf, 0xc8, 0x73, 0x2e, 0xbe,
  0x2a, 0x54, 0x2a, 0x3d, 0xe9, 0xbb, 0x44, 0x3e, 0x80, 0xf6, 0x12, 0x3e,
  0xf1, 0xf9, 0xd9, 0x3d, 0xaf, 0x6a, 0x02, 0x3e, 0x21, 0xbd, 0x03, 0x3e,
  0x87, 0x06, 0x80, 0xbd, 0xc2, 0xd8, 0x6b, 0xbe, 0x72, 0x57, 0x0d, 0x3e,
  0xac, 0xcb, 0xb5, 0xbd, 0xb2, 0x5a, 0x85, 0x3c, 0x0b, 0x68, 0xa4, 0x39,
  0xf3, 0x9b, 0x5d, 0x3e, 0x70, 0x02, 0x77, 0xbc, 0xdf, 0xcb, 0xbb, 0xbe,
  0x7f, 0xa1, 0xf3, 0x3e, 0x48, 0x44, 0x3a, 0x3e, 0x98, 0xfd, 0xd7, 0x3d,
  0x31, 0xac, 0xa6, 0xbc, 0x84, 0x68, 0x9e, 0xbe, 0xd8, 0x71, 0x6a, 0x3e,
  0x01, 0xc1, 0x96, 0x3e, 0xdd, 0x91, 0x93, 0xbd, 0x7a, 0x91, 0x98, 0xbe,
  0xcc, 0x5c, 0x9b, 0xbd, 0xf6, 0x7b, 0x74, 0x3c, 0x35, 0x8a, 0x83, 0x3d,
  0x32, 0x58, 0x68, 0x3d, 0x89, 0x44, 0x1e, 0x3d, 0xee, 0x50, 0xf7, 0xbd,
  0xe8, 0x8b, 0xf1, 0xbe, 0xa1, 0x3c, 0x50, 0xbe, 0xcd, 0x10, 0xb2, 0x3e,
  0x41, 0xbd, 0x96, 0x3d, 0x9c, 0x6a, 0x4e, 0xbe, 0x8c, 0xb6, 0xce, 0xbe,
  0x49, 0x3b, 0x0e, 0x3b, 0x55, 0xee, 0x71, 0x3e, 0xa5, 0x8f, 0xbd, 0x3c,
  0xa4, 0x80, 0x8a, 0xbe, 0xe8, 0xa9, 0x10, 0x3e, 0x26, 0x38, 0xcc, 0xbe,
  0x79, 0xf2, 0xbf, 0xbd, 0x6c, 0x3f, 0x6b, 0xbe, 0x7c, 0xb8, 0x47, 0xbd,
  0x35, 0xfa, 0x42, 0x3d, 0x7a, 0xda, 0x43, 0xbf, 0x34, 0x22, 0xcd, 0xbe,
  0x5e, 0x62, 0x1d, 0x3e, 0x31, 0x8c, 0x8e, 0x3d, 0xc0, 0xc4, 0x06, 0xbe,
  0x3b, 0x77, 0x87, 0xbf, 0x7d, 0xd8, 0x05, 0xbe, 0xad, 0x5b, 0x80, 0xbe,
  0x3a, 0x1d, 0xd3, 0xbd, 0x28, 0xc6, 0xe9, 0x3d, 0x0b, 0x64, 0xd9, 0x3d,
  0xb1, 0x55, 0xb0, 0xbe, 0x2f, 0xae, 0x91, 0xbd, 0x57, 0xfb, 0xa1, 0x3d,
  0x6d, 0x50, 0x28, 0x3e, 0xda, 0x9f, 0x03, 0x3e, 0x8b, 0x62, 0x05, 0xbf,
  0x82, 0xda, 0xd5, 0x3d, 0x12, 0xf3, 0x4a, 0x3e, 0x18, 0x61, 0x0c, 0x3e,
  0xd2, 0x00, 0x88, 0xbd, 0xa7, 0x7a, 0x96, 0xbf, 0x9c, 0x27, 0xbc, 0xbd,
  0x91, 0x6a, 0x2d, 0xbe, 0x03, 0xed, 0xa7, 0xbe, 0xab, 0x0d, 0x17, 0xbe,
  0x55, 0x97, 0xb9, 0x3c, 0x5b, 0x28, 0x90, 0xbe, 0x2b, 0x25, 0x85, 0x3d,
  0x37, 0xe1, 0x89, 0xbe, 0x28, 0x87, 0x1d, 0xbe, 0x45, 0x07, 0x5f, 0xbe,
  0x41, 0x1f, 0x59, 0xbe, 0x26, 0xc2, 0x04, 0x3e, 0x26, 0xaf, 0x25, 0xbe,
  0xc5, 0x00, 0x01, 0x3d, 0x2d, 0x0e, 0xe9, 0x3d, 0x84, 0xd7, 0x74, 0xbf,
  0x5c, 0x30, 0x3a, 0x3e, 0xa1, 0x9e, 0xf2, 0xbe, 0x66, 0xcd, 0xaa, 0xbe,
  0x85, 0x95, 0x8c, 0x3c, 0x73, 0xf0, 0xea, 0xbc, 0x03, 0xa2, 0x3b, 0xbe,
  0x31, 0xcc, 0x12, 0xbe, 0xc8, 0x7d, 0xdd, 0xbe, 0x07, 0x4c, 0x86, 0x3e,
  0xc7, 0xf1, 0xa9, 0xbe, 0x21, 0x6e, 0x3f, 0xbe, 0xc0, 0x3a, 0x00, 0xbe,
  0xdc, 0xb4, 0x49, 0xbc, 0x72, 0x21, 0x6f, 0x3c, 0x3e, 0xbf, 0xea, 0x3d,
  0x78, 0xea, 0x4b, 0xbf, 0x72, 0xb3, 0x6d, 0x3d, 0x62, 0xff, 0xae, 0x3e,
  0x4b, 0x9f, 0xe4, 0xbe, 0xaa, 0x32, 0xc5, 0x3d, 0x12, 0xeb, 0x23, 0xbe,
  0x61, 0xe4, 0xa7, 0xbe, 0xf7, 0xf6, 0xd4, 0x3d, 0x5f, 0x44, 0xb6, 0xbd,
  0x59, 0xf7, 0x4b, 0xbd, 0x23, 0x2e, 0x65, 0xbe, 0x7c, 0x7f, 0x04, 0xbf,
  0xcd, 0xae, 0x3b, 0x3d, 0xab, 0xc8, 0x32, 0x3d, 0x13, 0x9d, 0xe8, 0xbd,
  0x93, 0xa1, 0xfc, 0x3d, 0x94, 0xed, 0x29, 0xbf, 0x5c, 0x36, 0x93, 0x3e,
  0x5b, 0x47, 0x5f, 0xbe, 0x24, 0xdc, 0x02, 0xbf, 0xaa, 0x68, 0xf2, 0x3c,
  0x0c, 0xee, 0xd6, 0xbe, 0x7a, 0x4c, 0xac, 0xbd, 0x1c, 0xf5, 0xc7, 0x3d,
  0xa1, 0x6f, 0x81, 0x3d, 0x2b, 0x90, 0x10, 0xbe, 0xc8, 0xce, 0x4d, 0x3e,
  0x54, 0x65, 0x02, 0xbf, 0x17, 0x89, 0x19, 0xbc, 0xfa, 0x14, 0x98, 0xbe,
  0xd5, 0xcb, 0x11, 0x3e, 0x17, 0xa4, 0x30, 0x3e, 0x08, 0x14, 0xdc, 0x3e,
  0x3f, 0x52, 0xc3, 0x3d, 0x84, 0x44, 0x92, 0x3d, 0xa5, 0x4c, 0xa1, 0xbc,
  0x0b, 0x3e, 0x55, 0xbe, 0x4a, 0x6e, 0x63, 0xbc, 0x4d, 0x5d, 0x00, 0xbd,
  0xe4, 0xda, 0x18, 0xbe, 0xe5, 0x5c, 0x32, 0xbe, 0xd5, 0xff, 0xcd, 0xbd,
  0x20, 0x14, 0x18, 0x3e, 0xe0, 0x4f, 0x83, 0xbe, 0x78, 0xbc, 0x00, 0x3f,
  0x91, 0xf7, 0x80, 0xbd, 0x78, 0x44, 0x27, 0x3e, 0xb9, 0x01, 0x9e, 0x3c,
  0x03, 0x30, 0x26, 0xbb, 0x7d, 0x3d, 0x00, 0xbd, 0x2e, 0xa6, 0xb1, 0x3c,
  0x98, 0x5f, 0xd2, 0xbd, 0x97, 0x34, 0x81, 0xbe, 0xa6, 0x3b, 0x38, 0x3e,
  0x30, 0x39, 0xbf, 0x3c, 0xe6, 0x45, 0x97, 0xbe, 0x76, 0x80, 0xb7, 0xbe,
  0xb2, 0xe4, 0x8f, 0x3e, 0x0a, 0xa2, 0x8d, 0xbd, 0xa2, 0xf1, 0xec, 0xbe,
  0x7c, 0xd0, 0xf2, 0x3e, 0x0f, 0x66, 0xda, 0x3d, 0xf3, 0xfb, 0xa4, 0x3d,
  0x14, 0xf0, 0xf6, 0x3c, 0x2f, 0x67, 0x27, 0xbf, 0x3e, 0x14, 0xdc, 0x3d,
  0x98, 0xc8, 0x95, 0x3e, 0xfe, 0x6c, 0x4b, 0x3c, 0xb8, 0xe0, 0xdc, 0xbd,
  0xde, 0x92, 0x60, 0x3b, 0x0c, 0xf5, 0xa2, 0xbe, 0xdd, 0x4b, 0x84, 0xbd,
  0x4b, 0x6e, 0xb6, 0x3d, 0x64, 0x76, 0x5b, 0x3d, 0x58, 0x9e, 0x50, 0xbd,
  0x08, 0x91, 0x57, 0xbf, 0xa5, 0xe8, 0xcf, 0xbe, 0x27, 0xac, 0x8d, 0x3e,
  0xea, 0x9c, 0xba, 0x3c, 0x85, 0xbb, 0xce, 0xbd, 0x05, 0xaa, 0x59, 0xbf,
  0x6e, 0x8d, 0x20, 0xbd, 0x4b, 0x8a, 0xbf, 0x3c, 0xea, 0x08, 0xa6, 0xbd,
  0x97, 0xb3, 0x67, 0xbe, 0xdb, 0x4f, 0x07, 0x3d, 0xbf, 0x6b, 0x86, 0xbe,
  0x4e, 0x60, 0x09, 0xbe, 0x20, 0xbf, 0x5c, 0xbd, 0xc9, 0xc4, 0x50, 0x3e,
  0xd5, 0xa4, 0x21, 0xbd, 0x49, 0x0e, 0x29, 0xbf, 0x9b, 0xc6, 0x11, 0x3e,
  0x1b, 0x07, 0xf0, 0x3d, 0xa6, 0x79, 0x87, 0x3d, 0x5e, 0x80, 0x36, 0xbd,
  0x7f, 0x07, 0x21, 0xbe, 0xe2, 0xe6, 0x34, 0xbd, 0x4d, 0xe3, 0xdf, 0xbe,
  0x9e, 0xbb, 0xad, 0xbe, 0x42, 0xa1, 0x2e, 0x3d, 0x8e, 0x24, 0x2c, 0x3e,
  0x60, 0xb5, 0x11, 0xbe, 0x39, 0x35, 0x15, 0xbe, 0x25, 0x02, 0x52, 0x3d,
  0x0f, 0x48, 0x2d, 0x3e, 0xd7, 0xd5, 0x4e, 0x3e, 0xf6, 0xb3, 0x65, 0xbe,
  0xd0, 0xc1, 0x64, 0x3e, 0xe2, 0xd0, 0x2b, 0x3d, 0xa2, 0x6a, 0x00, 0x3d,
  0xac, 0xf5, 0x18, 0xbd, 0x9d, 0xff, 0x88, 0xbf, 0xd6, 0x99, 0x2d, 0xbe,
  0x72, 0x23, 0x23, 0x3d, 0x53, 0xdf, 0x2a, 0xbe, 0xb1, 0x64, 0x09, 0xbe,
  0xc0, 0xed, 0xb1, 0xbe, 0x8e, 0x45, 0x7a, 0xbe, 0xeb, 0xa9, 0x4e, 0x3e,
  0xf6, 0x98, 0xce, 0xbd, 0xe4, 0x6e, 0x54, 0xbb, 0x4b, 0x7c, 0xce, 0xbe,
  0x9f, 0x8a, 0x08, 0xbe, 0x72, 0x8f, 0xbc, 0xbe, 0xfa, 0xa9, 0xec, 0xbd,
  0xb0, 0xaa, 0xf9, 0x3d, 0x10, 0x4f, 0x5a, 0xbd, 0x28, 0x29, 0x80, 0xbe,
  0x9c, 0x74, 0x85, 0x3e, 0x1e, 0xff, 0xcb, 0x3e, 0x84, 0x00, 0x13, 0xbf,
  0x84, 0x2d, 0x2a, 0x3e, 0x3c, 0xc2, 0x4f, 0xbe, 0x5f, 0xb4, 0x66, 0xbe,
  0xa1, 0xa4, 0x27, 0xbe, 0x4f, 0xf1, 0x48, 0xbe, 0x7b, 0xed, 0x4b, 0x3e,
  0x95, 0xb0, 0xc1, 0xbe, 0xf1, 0x05, 0x32, 0xbe, 0xd3, 0xd9, 0x87, 0x3e,
  0x5c, 0xa3, 0x32, 0xbe, 0x64, 0x95, 0xa4, 0x3d, 0xd9, 0x2b, 0xd9, 0xbd,
  0x32, 0x2f, 0x1f, 0xbd, 0xf5, 0x9a, 0xe3, 0x3c, 0xd7, 0xce, 0x83, 0x3e,
  0x37, 0xf6, 0xfa, 0xbe, 0xa7, 0xb3, 0x17, 0x3e, 0x63, 0xba, 0xa0, 0xbe,
  0x7d, 0x17, 0xbd, 0xbd, 0x97, 0xc5, 0xd0, 0x3e, 0x25, 0x78, 0x4d, 0x3e,
  0xa8, 0x01, 0xa0, 0x3e, 0x27, 0xd1, 0xe1, 0xbd, 0x34, 0xc9, 0x9e, 0xbd,
  0x4f, 0x4a, 0xe8, 0x3d, 0x40, 0x4f, 0x23, 0x3d, 0xfd, 0x7f, 0xaa, 0xbd,
  0x85, 0x5d, 0xb2, 0x3c, 0x2a, 0x9d, 0x75, 0xbf, 0x8c, 0x1f, 0xaa, 0x3e,
  0xaa, 0xe8, 0x89, 0x3e, 0xb8, 0x7d, 0xf1, 0xbe, 0x61, 0xa2, 0x19, 0xbb,
  0x93, 0x7a, 0xd9, 0x3b, 0xc5, 0x7e, 0x2e, 0x3d, 0x3b, 0xc8, 0xaf, 0x3e,
  0x51, 0x19, 0x70, 0x3b, 0x1b, 0xf2, 0x92, 0xbe, 0x94, 0xf5, 0xa3, 0xbe,
  0x51, 0x78, 0x87, 0x3e, 0x08, 0xb8, 0xda, 0xbe, 0xfd, 0x09, 0xc8, 0xbe,
  0xf7, 0x3a, 0x9e, 0xbd, 0x34, 0xba, 0x79, 0x3d, 0x95, 0x7b, 0x40, 0x3f,
  0x52, 0x90, 0x04, 0x3e, 0x2d, 0xcb, 0x11, 0xbe, 0x64, 0x5a, 0xb7, 0x3d,
  0xd2, 0x9e, 0x8b, 0xbb, 0x3a, 0x99, 0x32, 0x3e, 0x69, 0xf2, 0x02, 0x3e,
  0x79, 0x84, 0x6d, 0xbe, 0x50, 0x60, 0x93, 0xbe, 0xf9, 0x60, 0xb4, 0xbe,
  0xc6, 0x42, 0xa5, 0xbe, 0x22, 0x38, 0xad, 0x3d, 0xf3, 0x7e, 0xe9, 0xbe,
  0xd8, 0x57, 0x87, 0xbd, 0x5e, 0xe0, 0xd0, 0xbd, 0x43, 0x92, 0x34, 0xbe,
  0xe6, 0xbb, 0xe6, 0x3e, 0x08, 0xcc, 0x20, 0xb8, 0x92, 0x90, 0xc9, 0xbe,
  0xc8, 0xc3, 0x2b, 0x3e, 0x92, 0xe2, 0xd2, 0xbd, 0x3d, 0x30, 0x6c, 0x3e,
  0xc3, 0xa8, 0xee, 0x3e, 0xe7, 0x85, 0xb9, 0xbe, 0x29, 0x2a, 0x6e, 0xbc,
  0xe6, 0xb6, 0x7f, 0x3d, 0xa2, 0x0a, 0x5e, 0xbe, 0x12, 0x53, 0x59, 0xbf,
  0x9f, 0x90, 0xdb, 0xbe, 0x69, 0xaf, 0x8f, 0x3e, 0x60, 0x9a, 0xb7, 0xbe,
  0xa6, 0x9a, 0xc0, 0x3c, 0x77, 0x9f, 0x2c, 0xbd, 0xa0, 0x5e, 0xd2, 0xbc,
  0xdc, 0xe4, 0xc7, 0xbe, 0x42, 0x3d, 0x8f, 0x3e, 0xd4, 0x43, 0xc5, 0x3e,
  0xd5, 0x7d, 0x19, 0x3e, 0xa8, 0x20, 0x34, 0xbe, 0x37, 0xc4, 0x9e, 0x3e,
  0x33, 0x1d, 0x58, 0x3c, 0xac, 0xca, 0x8d, 0x3d, 0x8e, 0x5a, 0xe4, 0xbd,
  0xed, 0x29, 0x95, 0x3d, 0x07, 0x32, 0xe0, 0x3c, 0x1f, 0x94, 0x3d, 0xbf,
  0xf1, 0x20, 0xe6, 0x3d, 0xf7, 0x3c, 0xdd, 0xbe, 0x89, 0x92, 0xe4, 0x3d,
  0x5b, 0x3f, 0x8e, 0x3e, 0x5e, 0x71, 0xa9, 0xbe, 0x29, 0x35, 0xab, 0x3c,
  0x38, 0xb0, 0x1b, 0xbe, 0x82, 0xff, 0xd8, 0xbc, 0x2b, 0x82, 0xe4, 0xbd,
  0xfc, 0x9a, 0xc2, 0xbe, 0x1e, 0xe5, 0xad, 0xbc, 0x8b, 0xf5, 0x77, 0xbe,
  0x0d, 0x5f, 0xab, 0x3d, 0x1d, 0x95, 0xd5, 0xbd, 0x9b, 0x51, 0x84, 0xbe,
  0xb2, 0xf4, 0x68, 0xbe, 0x42, 0x6c, 0x18, 0x3d, 0x8d, 0x15, 0x79, 0xbd,
  0x4c, 0x5c, 0xbf, 0x3e, 0xfa, 0x98, 0x84, 0xbb, 0x5a, 0xbf, 0x72, 0xbe,
  0xbe, 0x15, 0x99, 0xbb, 0xc5, 0x9c, 0xb5, 0xbd, 0x40, 0xd0, 0x5e, 0xbd,
  0x5a, 0x27, 0xb6, 0xbd, 0x5e, 0x2d, 0x7b, 0xbe, 0x90, 0xcb, 0x8d, 0x3b,
  0xd8, 0xa5, 0x22, 0xbe, 0xaa, 0xd3, 0x1a, 0x3e, 0xd8, 0x2d, 0xb8, 0xbf,
  0x21, 0xba, 0x19, 0xbf, 0x6f, 0xd3, 0xf0, 0x3e, 0x33, 0x7f, 0xa4, 0xbe,
  0xcf, 0x5b, 0xa6, 0x3d, 0x8a, 0x0e, 0x66, 0xbf, 0x91, 0x94, 0x1a, 0xbe,
  0x96, 0x4f, 0x5f, 0x3d, 0x36, 0x6f, 0x4a, 0x3c, 0x92, 0xde, 0xdb, 0x3d,
  0xd8, 0x13, 0x0f, 0x3e, 0x25, 0x1d, 0x5b, 0xbd, 0xed, 0x66, 0x09, 0x3d,
  0xd1, 0xb8, 0x1f, 0x3e, 0xc2, 0x9e, 0x2b, 0x3e, 0x98, 0x76, 0xe2, 0x3d,
  0xed, 0xbb, 0x64, 0x3e, 0x6d, 0x32, 0xd4, 0xbe, 0x98, 0x5a, 0x9f, 0xbe,
  0x29, 0xb9, 0xcb, 0x3d, 0xb3, 0xa9, 0x96, 0xbd, 0x74, 0xcc, 0x22, 0x3e,
  0x76, 0x18, 0xa5, 0x3e, 0xb0, 0x7e, 0xca, 0xbe, 0xd7, 0x1e, 0x5a, 0xbe,
  0xb7, 0xa5, 0x49, 0xbe, 0x49, 0xbe, 0xca, 0x3d, 0x61, 0x0d, 0x51, 0x3d,
  0x42, 0xb9, 0x82, 0xbe, 0xb0, 0x00, 0x0e, 0x3e, 0x91, 0xc0, 0x4d, 0x3e,
  0xb3, 0x3f, 0x7c, 0x3e, 0xf4, 0xa4, 0x23, 0x3e, 0xe6, 0xcf, 0xb1, 0xbd,
  0x0e, 0x92, 0xbc, 0xbc, 0x8b, 0x06, 0x27, 0x3e, 0xbe, 0x93, 0x9a, 0x3d,
  0x4e, 0x49, 0x13, 0x3f, 0x03, 0x16, 0x60, 0x3c, 0xc3, 0x99, 0x45, 0xbf,
  0x6f, 0xed, 0x8c, 0xbd, 0x58, 0x72, 0x70, 0xbd, 0xf8, 0x5f, 0x08, 0xbe,
  0xf5, 0xa9, 0x93, 0x3e, 0x23, 0x1d, 0xe5, 0xbd, 0x9a, 0x85, 0x6d, 0xbe,
  0x9e, 0xe7, 0xa9, 0xbe, 0xd2, 0x60, 0x80, 0x3e, 0x5b, 0xca, 0xc2, 0x3e,
  0x0a, 0x0a, 0x31, 0xbf, 0x17, 0xd2, 0x34, 0xbd, 0xc9, 0x3e, 0x53, 0xbd,
  0xf1, 0xb9, 0xde, 0x3c, 0x1f, 0x57, 0x26, 0xbf, 0x16, 0x02, 0x37, 0xbd,
  0xec, 0x22, 0xf2, 0xbe, 0xb4, 0x3d, 0x91, 0xbb, 0x5d, 0x0e, 0x58, 0x3e,
  0xd4, 0x1a, 0x7c, 0xbd, 0xa3, 0x07, 0x32, 0x3e, 0xbd, 0x49, 0x57, 0xbe,
  0x5d, 0xc9, 0x6e, 0x3d, 0xa3, 0x5d, 0x98, 0xbe, 0xcf, 0x3f, 0xd4, 0xbc,
  0xd4, 0x64, 0x42, 0x3e, 0xd2, 0xee, 0x30, 0x3e, 0x89, 0x10, 0x4b, 0xbe,
  0xed, 0x5c, 0x37, 0x3e, 0x16, 0x62, 0x8b, 0x3e, 0xf3, 0xdf, 0x2b, 0x3f,
  0x93, 0x24, 0x85, 0x3c, 0x36, 0x48, 0xb6, 0xbd, 0x80, 0x48, 0x9e, 0x3d,
  0x71, 0xeb, 0x58, 0x3e, 0xa9, 0xd8, 0x32, 0xbd, 0x4e, 0x72, 0x0b, 0x3e,
  0xee, 0xa2, 0xd5, 0xbd, 0x09, 0xeb, 0x06, 0x3e, 0x20, 0x65, 0x73, 0xbe,
  0x48, 0x9d, 0x81, 0xbe, 0xdb, 0xd0, 0x81, 0xbd, 0x77, 0x12, 0x26, 0xbe,
  0x28, 0x71, 0x6f, 0xbe, 0xab, 0x77, 0x49, 0x3d, 0x24, 0x6a, 0x0c, 0x3e,
  0xed, 0x80, 0x52, 0x3e, 0xa0, 0x7e, 0xe1, 0x3c, 0x1e, 0xb2, 0x3f, 0xbe,
  0xf0, 0xcf, 0x74, 0xbc, 0xc2, 0x3f, 0x93, 0xbe, 0x71, 0xb3, 0xc6, 0x3e,
  0x80, 0x83, 0x80, 0xbc, 0x13, 0xda, 0x12, 0xbd, 0x79, 0x8f, 0xa1, 0x3d,
  0x5b, 0x04, 0xb6, 0xbc, 0x21, 0x69, 0x16, 0xbe, 0x08, 0xc5, 0x31, 0xbe,
  0x90, 0x3a, 0x18, 0xbe, 0xe9, 0x21, 0x22, 0xbe, 0x3d, 0xf5, 0x89, 0xbd,
  0x48, 0xcd, 0xcf, 0xbd, 0xd2, 0x45, 0xd5, 0x3b, 0x0b, 0x4e, 0xdc, 0xbd,
  0x13, 0x3a, 0xfc, 0xbd, 0x12, 0xdf, 0xbb, 0xbc, 0x42, 0xa1, 0xfe, 0x3b,
  0x50, 0x65, 0xb7, 0x3d, 0x68, 0xfe, 0x13, 0xbe, 0x39, 0x15, 0x6b, 0x3d,
  0x13, 0x20, 0x3e, 0x3d, 0xcd, 0x90, 0x6b, 0xbe, 0x53, 0x27, 0x02, 0xbe,
  0x4a, 0x8d, 0x95, 0x3c, 0x2a, 0x9e, 0x54, 0xbd, 0x7d, 0x9f, 0x64, 0xbe,
  0xa9, 0xa7, 0xd8, 0xbc, 0x95, 0xc6, 0xe8, 0xbd, 0x09, 0x5c, 0x7b, 0x3e,
  0x6c, 0xd7, 0x89, 0x3d, 0xe3, 0xd7, 0x04, 0xbf, 0xac, 0x5f, 0x19, 0xbe,
  0x90, 0x45, 0x72, 0xbe, 0xeb, 0x9d, 0x89, 0x3e, 0x63, 0x30, 0x1c, 0xbc,
  0x2c, 0xef, 0x76, 0xbe, 0xa2, 0x5d, 0x21, 0x3e, 0xad, 0xd6, 0xaa, 0xbe,
  0x0a, 0x57, 0x0f, 0xbd, 0x1a, 0x66, 0x6a, 0xbe, 0x28, 0x06, 0x33, 0xbe,
  0x54, 0xd3, 0x09, 0xbe, 0x60, 0x2a, 0x47, 0xbe, 0xbb, 0xc9, 0x01, 0xbe,
  0xe9, 0xf1, 0xc6, 0x3e, 0xd3, 0x7b, 0x43, 0x3e, 0xba, 0x55, 0xf7, 0xbe,
  0xa9, 0xc1, 0x99, 0xbb, 0x0a, 0xfb, 0x1f, 0xbd, 0xf1, 0xb8, 0x6a, 0x3e,
  0xdf, 0xfb, 0x87, 0x3d, 0xac, 0xf5, 0xf0, 0x3d, 0x86, 0x82, 0x19, 0x3d,
  0x54, 0x01, 0xd0, 0xbe, 0x4d, 0xef, 0x51, 0x3e, 0xda, 0xc4, 0x42, 0xbf,
  0x55, 0x0e, 0x1b, 0xbe, 0xb6, 0xe9, 0x14, 0xbd, 0xd2, 0xec, 0x23, 0xbe,
  0x5c, 0xeb, 0x5f, 0xbd, 0x10, 0x8a, 0x1a, 0x3e, 0x26, 0xb6, 0xf4, 0x3c,
  0xbd, 0xa3, 0x4a, 0xbe, 0x1c, 0x62, 0x1f, 0xbd, 0x3f, 0xfd, 0xd6, 0x3e,
  0x14, 0x77, 0x47, 0x3e, 0x50, 0x0d, 0x0b, 0xbe, 0xbf, 0xf6, 0x28, 0x3e,
  0x5d, 0x32, 0x40, 0x3c, 0x7f, 0xa5, 0xd7, 0xbc, 0xc9, 0x10, 0xdb, 0x3d,
  0x7a, 0x8d, 0x50, 0x3d, 0x8e, 0x6b, 0x73, 0xbe, 0x34, 0x07, 0xa1, 0x3d,
  0x35, 0xcd, 0x42, 0x3d, 0xbe, 0x67, 0x6e, 0xbe, 0xab, 0x26, 0x06, 0x3e,
  0xb0, 0xb2, 0x82, 0x3e, 0x27, 0xa8, 0xa4, 0xbe, 0xcc, 0xbe, 0x89, 0x3d,
  0xeb, 0x69, 0x59, 0xbd, 0xd7, 0x82, 0xce, 0x3d, 0xab, 0x2a, 0xcf, 0x3d,
  0x9c, 0x52, 0x6d, 0xbe, 0x0f, 0x68, 0x0e, 0xbe, 0xe0, 0x47, 0x91, 0xbe,
  0x32, 0x3a, 0x03, 0x3e, 0xa6, 0x1c, 0x3c, 0xbe, 0xab, 0x75, 0xbd, 0xbe,
  0xcf, 0x54, 0x5c, 0xbd, 0xae, 0x6f, 0x45, 0xbd, 0x50, 0x4a, 0x47, 0xbe,
  0x3a, 0x03, 0xe3, 0xbd, 0xaa, 0x23, 0xff, 0xbd, 0xc9, 0x61, 0xe4, 0xbe,
  0x85, 0x53, 0xd7, 0xbd, 0xe1, 0xe5, 0x63, 0xbc, 0x88, 0x85, 0xa2, 0x3d,
  0x01, 0x4e, 0xcb, 0x3e, 0xe5, 0xf5, 0x87, 0xbe, 0x46, 0x63, 0x3c, 0xbe,
  0x1e, 0xee, 0xcf, 0xbe, 0x4a, 0x7d, 0x47, 0x3e, 0xdc, 0x7f, 0x97, 0xbe,
  0xa0, 0xe5, 0xb3, 0xbe, 0xc7, 0x7c, 0x5a, 0x3e, 0x7f, 0x41, 0x13, 0xbe,
  0xa6, 0xdb, 0x86, 0xbe, 0xeb, 0xfb, 0x2d, 0xbf, 0xaa, 0xce, 0x82, 0xbe,
  0x4c, 0x93, 0x2d, 0xbd, 0xa8, 0x83, 0xa5, 0x3e, 0x08, 0x27, 0x93, 0x3e,
  0xb3, 0x44, 0x75, 0xbe, 0xab, 0x22, 0x22, 0x3e, 0xea, 0x4a, 0xac, 0x3d,
  0xb9, 0xa5, 0x12, 0x3e, 0x54, 0xdd, 0xe3, 0x3d, 0x45, 0x7c, 0x7f, 0x3e,
  0x2c, 0x2e, 0x07, 0xbf, 0x54, 0x7f, 0x1a, 0x3e, 0x87, 0x1f, 0xcc, 0xbd,
  0x6c, 0xbc, 0x3d, 0xbd, 0xf5, 0x1a, 0x56, 0xbd, 0x24, 0x3b, 0x76, 0xbe,
  0xf4, 0x68, 0x99, 0x3e, 0xdd, 0x64, 0xe6, 0x3e, 0xbf, 0x80, 0xf2, 0x3b,
  0x6c, 0xc6, 0x2a, 0xbe, 0xbc, 0x49, 0xc9, 0xbd, 0xa4, 0x8e, 0x04, 0xbd,
  0x44, 0x4b, 0x56, 0x3b, 0x5b, 0xbe, 0x00, 0x3e, 0x69, 0x34, 0x1b, 0xbe,
  0xc7, 0xbf, 0x21, 0x3e, 0xb1, 0x64, 0xc1, 0xbe, 0xb9, 0x78, 0xb7, 0x3d,
  0x5d, 0x98, 0xe0, 0xbd, 0x2a, 0x05, 0x1f, 0xbd, 0xb2, 0xcc, 0x41, 0x3d,
  0x31, 0x17, 0x31, 0xbe, 0x48, 0x6e, 0x99, 0xbd, 0xc2, 0x0f, 0x52, 0x3c,
  0x02, 0x1c, 0x15, 0x3d, 0x11, 0xcb, 0x85, 0xbc, 0x23, 0xdd, 0x93, 0x3d,
  0x49, 0xc1, 0x28, 0x3d, 0x07, 0x10, 0x2b, 0xbc, 0x8c, 0x72, 0x05, 0xbc,
  0xe3, 0x67, 0xb5, 0x3e, 0x19, 0xde, 0x18, 0xbc, 0x43, 0xc0, 0x2a, 0xbf,
  0xe1, 0x08, 0xd3, 0x3e, 0x97, 0xa8, 0x42, 0x3d, 0x78, 0x98, 0x80, 0x3e,
  0xb0, 0xbf, 0x31, 0xbe, 0x1d, 0x31, 0x8c, 0xbe, 0xd9, 0x8a, 0x56, 0x3d,
  0x33, 0x38, 0x9c, 0x3e, 0x5e, 0x8d, 0x2c, 0xbd, 0x1f, 0x65, 0xd5, 0xbd,
  0x2e, 0x41, 0x21, 0x3d, 0xa5, 0x3e, 0x72, 0xbd, 0xeb, 0x42, 0xcd, 0xbc,
  0x4a, 0xd4, 0x0e, 0x3d, 0x95, 0xeb, 0xa3, 0x3b, 0x05, 0x27, 0x13, 0x3d,
  0x6a, 0x89, 0xe7, 0xbe, 0x89, 0xec, 0x03, 0x3e, 0xda, 0x36, 0xc6, 0x3e,
  0x99, 0xe2, 0x34, 0x3c, 0xc0, 0xf4, 0x1b, 0xbe, 0x5f, 0xbd, 0xe4, 0xbe,
  0x9e, 0x49, 0x0d, 0x3e, 0x5f, 0xb0, 0xe7, 0x3e, 0xde, 0xde, 0x4d, 0x3c,
  0xc1, 0x2b, 0x6d, 0xbe, 0xd1, 0xc9, 0xe3, 0x3d, 0xb2, 0x08, 0x93, 0x3d,
  0xa4, 0x7a, 0x81, 0xbe, 0xff, 0x9e, 0x05, 0xbe, 0x65, 0x89, 0x94, 0x3e,
  0x24, 0xb9, 0xaf, 0xbc, 0x70, 0x21, 0xa0, 0xbf, 0x6a, 0xed, 0x2f, 0x3d,
  0x24, 0x59, 0xa4, 0x3e, 0x68, 0xa8, 0x39, 0xbe, 0x7f, 0x3a, 0x53, 0xbd,
  0x13, 0x38, 0x92, 0xbe, 0x67, 0x37, 0xc0, 0x3d, 0xe5, 0x1c, 0xff, 0x3d,
  0xa7, 0xa9, 0xe4, 0xbc, 0x57, 0xdf, 0x1d, 0xbd, 0x17, 0x3c, 0xa6, 0x3c,
  0xd5, 0x61, 0x84, 0xbd, 0x03, 0x61, 0xfa, 0xbd, 0xaa, 0xfe, 0xa7, 0x3d,
  0x45, 0x5c, 0x5e, 0x3e, 0x1c, 0xd8, 0x1b, 0xbb, 0x9f, 0x8f, 0xb5, 0xbe,
  0xed, 0x2b, 0x19, 0x3e, 0xfc, 0xc1, 0xed, 0x3d, 0x7a, 0x05, 0xd0, 0x3d,
  0xf9, 0xd3, 0xd1, 0xbd, 0x2c, 0x4b, 0x01, 0xbf, 0x2b, 0x6c, 0x1f, 0xbe,
  0xa8, 0x0a, 0x88, 0x3d, 0x2b, 0xdb, 0x2e, 0xbd, 0x9c, 0xd8, 0x64, 0xbe,
  0x66, 0x2e, 0x1f, 0xbf, 0x0f, 0xf0, 0x98, 0xbc, 0xa2, 0x88, 0xeb, 0x3d,
  0x17, 0xaa, 0x83, 0xbe, 0x9f, 0xf2, 0x93, 0xbc, 0x10, 0x9f, 0x42, 0xbe,
  0xfa, 0x2b, 0x1b, 0xbe, 0x30, 0x41, 0xb6, 0xbe, 0xe2, 0x1d, 0x7b, 0xbd,
  0x69, 0xa8, 0xa3, 0x3d, 0xa5, 0x94, 0x33, 0xbe, 0x74, 0x29, 0x99, 0x3c,
  0x6d, 0xc2, 0x32, 0x3e, 0x4b, 0xf1, 0xfb, 0x3e, 0x87, 0x04, 0x7c, 0xbe,
  0x77, 0x3f, 0x0f, 0x3e, 0xd4, 0x8f, 0x26, 0xbf, 0x46, 0xf9, 0xef, 0xbd,
  0x4c, 0xe3, 0x95, 0x3d, 0x2e, 0x1f, 0x54, 0xbe, 0x30, 0x6e, 0x52, 0x3e,
  0x9a, 0x0e, 0x14, 0xbe, 0x71, 0xbc, 0xfa, 0xbe, 0x5a, 0x5a, 0x91, 0xbe,
  0xfc, 0x6b, 0xc5, 0x3d, 0x2a, 0x32, 0x14, 0x3e, 0x13, 0x46, 0xcd, 0xbd,
  0x4d, 0x48, 0xfe, 0x3c, 0xb8, 0x26, 0x81, 0x3c, 0x87, 0xb6, 0x15, 0x3f,
  0x25, 0xcd, 0x84, 0xbe, 0x16, 0x75, 0xbf, 0xbc, 0x89, 0xc3, 0x26, 0xbf,
  0xa8, 0xd9, 0xf1, 0xbd, 0xe9, 0x1e, 0x9b, 0x3e, 0x54, 0x4c, 0x0f, 0x3d,
  0xfe, 0xaa, 0xac, 0xbe, 0xcd, 0x43, 0x86, 0xbe, 0x13, 0xd5, 0xf1, 0xbe,
  0x89, 0x78, 0x00, 0x3c, 0xfa, 0x65, 0xb9, 0x3b, 0xd6, 0x20, 0x95, 0x3d,
  0x41, 0xa5, 0x30, 0x3a, 0x4a, 0x8d, 0x42, 0xbf, 0x92, 0x72, 0x80, 0x3e,
  0xb7, 0x33, 0x5f, 0xbd, 0xe4, 0xb1, 0x93, 0xbe, 0x09, 0x9a, 0x34, 0xbd,
  0x2b, 0xcd, 0x9e, 0xbd, 0x3c, 0xbe, 0xf7, 0xbd, 0x32, 0xe2, 0x4b, 0x3d,
  0x3c, 0x96, 0x24, 0x3e, 0xd2, 0xbc, 0x8d, 0x3d, 0x38, 0x9d, 0x84, 0x3e,
  0x35, 0x67, 0x05, 0xbf, 0x72, 0x6f, 0x61, 0x3e, 0xf5, 0x5e, 0x13, 0x3e,
  0xc1, 0x44, 0xd4, 0x3d, 0x69, 0x53, 0x96, 0x3d, 0xa2, 0xcf, 0xc1, 0xbc,
  0xb8, 0x61, 0x93, 0x3d, 0xf6, 0xd7, 0xcd, 0x3e, 0xb7, 0x56, 0x44, 0x3d,
  0x2c, 0x14, 0xf5, 0xbd, 0x2a, 0x9c, 0xa7, 0xbd, 0xf1, 0x7c, 0x85, 0xbd,
  0xd6, 0x90, 0x46, 0x3e, 0x0b, 0x06, 0x23, 0x3c, 0xf4, 0x10, 0x74, 0xbd,
  0x26, 0x74, 0x56, 0x3e, 0x82, 0x25, 0x24, 0xbf, 0xb9, 0x69, 0x32, 0x3e,
  0xe9, 0x2d, 0xaf, 0xbc, 0x01, 0xe5, 0x1f, 0x3c, 0xf3, 0x0c, 0xfa, 0x3d,
  0xfe, 0xf5, 0x25, 0xbe, 0x8c, 0x0a, 0x28, 0xbd, 0xeb, 0x9a, 0x02, 0x3e,
  0x7b, 0xc8, 0x11, 0xbd, 0xca, 0x4f, 0x01, 0xbe, 0x7c, 0x2a, 0x65, 0x3e,
  0xd7, 0x5f, 0xa7, 0x3c, 0x48, 0x11, 0x52, 0x3d, 0x14, 0x16, 0x81, 0x3d,
  0xc0, 0xa0, 0x92, 0x3e, 0xda, 0x10, 0xb3, 0x3d, 0xdd, 0xcf, 0xb3, 0xbe,
  0x4d, 0x37, 0xc8, 0x3e, 0x76, 0x60, 0xd1, 0x3e, 0x8a, 0xe5, 0x22, 0x3d,
  0x1d, 0x08, 0xea, 0xbd, 0x06, 0x7f, 0x1d, 0xbf, 0xa4, 0x14, 0x93, 0x3b,
  0xe0, 0xc5, 0xfe, 0x3d, 0xe8, 0xd3, 0xad, 0xbd, 0xdf, 0x13, 0x47, 0xbd,
  0xea, 0x31, 0xdc, 0xbc, 0xdd, 0xa2, 0x48, 0xbe, 0x9d, 0xb3, 0xdd, 0x3d,
  0x7b, 0x5a, 0xa2, 0xbd, 0xb4, 0x86, 0x1f, 0x3e, 0x88, 0x4a, 0x00, 0xbb,
  0xe9, 0x1c, 0x08, 0xbf, 0x22, 0x8c, 0xc1, 0xbe, 0xdb, 0xf3, 0x57, 0x3e,
  0xac, 0xe4, 0x7a, 0x3d, 0x9e, 0x92, 0x61, 0xbd, 0x4d, 0xae, 0x71, 0xbf,
  0x36, 0x7f, 0x41, 0xbd, 0xeb, 0xb6, 0xb0, 0x3d, 0xaf, 0xda, 0xcd, 0x3d,
  0xb7, 0x2d, 0xa0, 0xbe, 0xa3, 0x5a, 0x18, 0xbc, 0xd6, 0x83, 0x4e, 0xbe,
  0xb1, 0xa6, 0x8b, 0xbd, 0x62, 0xcb, 0x0f, 0xbd, 0x35, 0x56, 0xe3, 0x3d,
  0x0f, 0x94, 0xcd, 0x3d, 0xef, 0x23, 0x5f, 0xbf, 0xda, 0xb9, 0x4d, 0xbe,
  0x7b, 0x2e, 0x4a, 0x3e, 0x3f, 0xa6, 0xda, 0xbd, 0x87, 0x77, 0x01, 0xbe,
  0x67, 0x42, 0x8f, 0xbf, 0x16, 0x24, 0x69, 0xbc, 0xd5, 0xa4, 0x77, 0xbe,
  0xaf, 0xe8, 0x72, 0xbe, 0xbb, 0x70, 0x77, 0xbd, 0x99, 0x96, 0x3b, 0x3e,
  0x27, 0xcf, 0x8a, 0xbd, 0x09, 0x51, 0x51, 0xbe, 0x7e, 0xe7, 0xa8, 0xbb,
  0x9e, 0x31, 0x70, 0x3d, 0x09, 0x81, 0x84, 0x3e, 0xf7, 0x61, 0x27, 0xbe,
  0x33, 0xc6, 0x93, 0x3e, 0x0c, 0x1e, 0x9a, 0x3e, 0x4d, 0x78, 0x13, 0x3e,
  0x68, 0x4d, 0x04, 0xbd, 0xb2, 0x71, 0x84, 0xbf, 0xe9, 0x94, 0x9b, 0xbd,
  0x1c, 0x1d, 0x3a, 0xbd, 0x3d, 0x12, 0x76, 0xbe, 0x5e, 0xbe, 0x7d, 0xbe,
  0xfd, 0x6b, 0x96, 0xbe, 0x02, 0xb9, 0xae, 0xbe, 0x39, 0x5d, 0xbc, 0x3d,
  0x07, 0x1f, 0xa9, 0xbe, 0xf2, 0xd1, 0xa8, 0xbe, 0x07, 0xfa, 0xce, 0xbe,
  0x91, 0x3a, 0x45, 0xbd, 0x23, 0xff, 0xd2, 0xbe, 0x16, 0x52, 0x26, 0xbe,
  0xa7, 0x4c, 0x27, 0x3e, 0xb5, 0x83, 0x4a, 0x3d, 0x85, 0x84, 0x07, 0xbf,
  0xdc, 0xbd, 0xa9, 0xbb, 0xc3, 0x60, 0xa5, 0xbd, 0xb0, 0x84, 0xcb, 0xbe,
  0x33, 0x54, 0x20, 0x3e, 0x58, 0x93, 0x15, 0xbf, 0x8e, 0xeb, 0x53, 0xbe,
  0x29, 0x48, 0x04, 0xbd, 0x60, 0x81, 0x06, 0xbe, 0x97, 0x90, 0xc9, 0x3e,
  0xc5, 0xd3, 0x8f, 0xbe, 0x3e, 0x15, 0xb7, 0xbe, 0x19, 0x41, 0xd6, 0xbe,
  0x95, 0xcf, 0xe0, 0x3c, 0x6c, 0xaf, 0x6b, 0x3e, 0xfc, 0x23, 0x96, 0xbd,
  0xfb, 0xf7, 0xba, 0xbe, 0x37, 0xe6, 0x9b, 0x3d, 0x70, 0xe2, 0xf9, 0x3e,
  0x05, 0xe5, 0xb8, 0xbe, 0x2d, 0x25, 0x0b, 0x3e, 0x03, 0xb8, 0x24, 0xbf,
  0xd4, 0x71, 0xe9, 0xbe, 0x25, 0x6a, 0xa0, 0x3d, 0xf2, 0x4b, 0xdc, 0x3c,
  0x80, 0x7e, 0x64, 0x3e, 0x8d, 0xfe, 0x9d, 0xbe, 0x92, 0xbd, 0x91, 0xbc,
  0x2f, 0xd5, 0xa4, 0xbd, 0x7f, 0xe1, 0x34, 0x3c, 0xca, 0x6d, 0xd5, 0x3d,
  0xd3, 0xbc, 0xc6, 0xbc, 0x15, 0xb3, 0x42, 0xbf, 0x0d, 0x09, 0x1e, 0x3e,
  0x41, 0x10, 0x0f, 0xbe, 0x09, 0xe4, 0x05, 0xbf, 0xf5, 0x41, 0x73, 0x3d,
  0x57, 0x5c, 0xa5, 0x3e, 0xd4, 0xc3, 0xa1, 0x3e, 0xb8, 0xcf, 0xb3, 0xbe,
  0x8e, 0xed, 0x43, 0xbe, 0x04, 0x51, 0x27, 0xbe, 0x50, 0xb6, 0x89, 0xbe,
  0x64, 0xdf, 0xd0, 0xbe, 0x28, 0x73, 0xd1, 0xbe, 0x68, 0x4e, 0x09, 0x3e,
  0xbf, 0x80, 0x88, 0xbd, 0x58, 0xe6, 0x1d, 0xbf, 0x0c, 0x72, 0xdf, 0x3e,
  0x10, 0xc2, 0xcc, 0xba, 0x2d, 0x37, 0xd4, 0xbe, 0xea, 0xa7, 0x6b, 0x3e,
  0xc6, 0x85, 0x8a, 0xbe, 0x70, 0x12, 0xf9, 0x3d, 0x09, 0xcc, 0x93, 0x3e,
  0x0c, 0x6d, 0x0e, 0xbe, 0x1d, 0x2b, 0x90, 0xbd, 0x19, 0xee, 0x0f, 0xbe,
  0x9c, 0x51, 0xc2, 0xbd, 0x0f, 0x5c, 0x4f, 0x3e, 0xbe, 0x09, 0x0c, 0xbf,
  0x96, 0x82, 0xcd, 0xbe, 0xe4, 0xad, 0x5b, 0xbe, 0xb0, 0x9b, 0xa2, 0x3d,
  0x88, 0x61, 0x3e, 0x3f, 0xde, 0x1e, 0x5f, 0xbe, 0xf5, 0xf5, 0x4b, 0xbe,
  0xe0, 0xa3, 0x09, 0x3d, 0x5f, 0x92, 0xba, 0x3d, 0xb9, 0xbf, 0x6a, 0xbd,
  0x60, 0x14, 0xb9, 0x3e, 0x00, 0x06, 0xb2, 0x39, 0x0d, 0x50, 0xae, 0xbe,
  0xb0, 0x85, 0x0a, 0xbe, 0x24, 0xe5, 0xc9, 0xbe, 0x86, 0x7a, 0x57, 0xbe,
  0x69, 0x8a, 0x9e, 0xbe, 0xcb, 0x32, 0xaf, 0xbd, 0xde, 0x78, 0xd4, 0xbd,
  0xfb, 0x93, 0x8a, 0x3d, 0x78, 0x3c, 0x5e, 0x3e, 0x24, 0x4e, 0x65, 0xbe,
  0x91, 0x1d, 0x1c, 0xbf, 0xb9, 0xba, 0xf4, 0x3d, 0x4f, 0xf5, 0x71, 0xbd,
  0x0c, 0x9a, 0x12, 0x3f, 0xcd, 0x79, 0x3c, 0x3e, 0x68, 0xb9, 0x79, 0xbe,
  0xa4, 0x35, 0x94, 0xbc, 0xdd, 0x95, 0x32, 0xbe, 0x17, 0xce, 0x84, 0x3e,
  0xa8, 0xb8, 0x15, 0x3f, 0xc2, 0x6e, 0xa9, 0xbe, 0xf3, 0x80, 0xa7, 0x3e,
  0x7f, 0x1b, 0xb2, 0xbe, 0x23, 0x62, 0xc0, 0xbd, 0x53, 0x44, 0x46, 0xbf,
  0x7b, 0x4c, 0x8a, 0xbd, 0xfa, 0x43, 0x37, 0xbe, 0xa9, 0x43, 0x09, 0x3e,
  0x31, 0xa1, 0x83, 0x3e, 0x7c, 0xd4, 0x9d, 0x3e, 0xe2, 0x48, 0x01, 0xbd,
  0x53, 0x10, 0x43, 0x3c, 0x92, 0x41, 0x51, 0xbd, 0x63, 0x15, 0xc6, 0xbd,
  0xfb, 0xf9, 0x44, 0x3e, 0x04, 0x8b, 0x8f, 0x3d, 0xb0, 0x88, 0xe4, 0xbe,
  0xaa, 0xd7, 0x55, 0xbe, 0xe6, 0xaa, 0x3e, 0xbe, 0x77, 0xd7, 0x8e, 0xbe,
  0x6d, 0x65, 0x10, 0x3f, 0xe5, 0xa7, 0x06, 0xbe, 0xcc, 0xec, 0x24, 0xbe,
  0xec, 0x8a, 0x86, 0xbb, 0xa7, 0x12, 0xfd, 0x3c, 0xee, 0x6b, 0x4c, 0x3e,
  0x41, 0x10, 0x5d, 0xbd, 0x85, 0x4f, 0x5d, 0x3d, 0x4e, 0xa7, 0x21, 0x3e,
  0xce, 0xa5, 0x3c, 0x3d, 0xbf, 0xc2, 0x8f, 0x3e, 0x0b, 0xbf, 0xa0, 0xbe,
  0xf6, 0xc4, 0x50, 0xbf, 0x1b, 0x28, 0xa6, 0x3c, 0x45, 0xf4, 0x22, 0x3d,
  0xa6, 0x2e, 0x93, 0xbe, 0xcb, 0x0e, 0x90, 0xbf, 0x44, 0xc6, 0xf9, 0x3d,
  0x9c, 0x57, 0xce, 0xbe, 0x31, 0xbd, 0x0c, 0xbe, 0x5d, 0x17, 0x11, 0x3c,
  0x9d, 0x95, 0xcf, 0xbc, 0x1d, 0xc0, 0x03, 0x3e, 0xac, 0x8d, 0x34, 0xbe,
  0xa3, 0x50, 0x49, 0xbc, 0x67, 0xc7, 0x26, 0xbd, 0x4f, 0x31, 0xdc, 0x3d,
  0x2a, 0x96, 0x30, 0xbf, 0xb8, 0x05, 0x86, 0xbe, 0xe1, 0x05, 0x35, 0xbf,
  0x4d, 0x91, 0x14, 0xbe, 0xec, 0x0f, 0xf0, 0x3d, 0xcc, 0x48, 0xcd, 0xbd,
  0xc8, 0x93, 0x2a, 0xbe, 0x10, 0x79, 0x72, 0xbf, 0x2c, 0xdb, 0x22, 0xbe,
  0x4c, 0x17, 0xef, 0x3c, 0x7c, 0xe0, 0xc4, 0xbd, 0x5f, 0xb0, 0x31, 0xbe,
  0x86, 0x99, 0x09, 0x3e, 0x1f, 0xb2, 0x07, 0x3e, 0x96, 0x38, 0x5c, 0x3e,
  0xb6, 0x74, 0x0e, 0xbc, 0x46, 0x24, 0xe2, 0x3b, 0xa9, 0x32, 0xc4, 0xbe,
  0x4c, 0x98, 0x07, 0xbf, 0xe3, 0x81, 0x9e, 0x3d, 0xe4, 0x6c, 0x08, 0x3e,
  0x51, 0x76, 0x22, 0x3d, 0x2e, 0x97, 0x1c, 0x3d, 0xda, 0xdd, 0xa4, 0xbe,
  0xd9, 0x0b, 0x48, 0xbe, 0x7b, 0x62, 0x8f, 0xbe, 0x19, 0x3f, 0x32, 0x3e,
  0xc6, 0xbf, 0xd1, 0xbd, 0x33, 0x38, 0xca, 0x3d, 0x61, 0x08, 0xd0, 0x3d,
  0xa7, 0xda, 0xb1, 0x3e, 0x67, 0x1c, 0x18, 0x3e, 0x31, 0x42, 0xd9, 0x3e,
  0xc3, 0xa0, 0x25, 0xbf, 0x03, 0x03, 0x0c, 0x3b, 0xd9, 0x35, 0x13, 0x3e,
  0xeb, 0x3d, 0xff, 0x3d, 0xef, 0x4b, 0x45, 0xbe, 0xa8, 0x49, 0x1b, 0x3e,
  0xbb, 0xd9, 0x53, 0xbe, 0x50, 0xa4, 0xb7, 0xbe, 0x1e, 0x79, 0x17, 0xbe,
  0x7a, 0xfe, 0xff, 0xff, 0x04, 0x00, 0x00, 0x00, 0x08, 0x00, 0x00, 0x00,
  0x33, 0x07, 0x1c, 0xbe, 0xa3, 0x05, 0x1c, 0x3e, 0x8e, 0xfe, 0xff, 0xff,
  0x04, 0x00, 0x00, 0x00, 0x40, 0x00, 0x00, 0x00, 0x5f, 0x0e, 0x8e, 0xbd,
  0x47, 0x26, 0x8a, 0xbd, 0x1e, 0x4b, 0x03, 0x3e, 0xae, 0xd0, 0x73, 0xbd,
  0x45, 0xce, 0x65, 0x3b, 0x72, 0xa5, 0x60, 0xbe, 0xa9, 0x8f, 0x09, 0xbe,
  0x97, 0xc2, 0x94, 0xbc, 0x8c, 0x13, 0x49, 0xbd, 0x92, 0xd4, 0xab, 0x3d,
  0x1d, 0x6d, 0xc1, 0xbc, 0x9f, 0xfe, 0xc7, 0xbd, 0xae, 0x34, 0x89, 0x3c,
  0xec, 0x5c, 0x91, 0xbc, 0x73, 0xf1, 0xc6, 0xbd, 0x97, 0x4c, 0x49, 0xbd,
  0xda, 0xfe, 0xff, 0xff, 0x04, 0x00, 0x00, 0x00, 0x80, 0x00, 0x00, 0x00,
  0xa1, 0xb7, 0xaa, 0x3d, 0x3e, 0xae, 0x2a, 0x3d, 0x1e, 0xab, 0x83, 0xbd,
  0x9f, 0x09, 0x87, 0x3d, 0xee, 0x25, 0xa9, 0xbd, 0x33, 0x34, 0x9f, 0x3b,
  0x18, 0xd7, 0xc2, 0x3d, 0xbc, 0xa6, 0xdd, 0xbc, 0xdc, 0xf4, 0xfb, 0x3d,
  0x4b, 0xda, 0x99, 0xbd, 0xa2, 0xa3, 0xd2, 0xbd, 0x56, 0xde, 0x71, 0xbc,
  0xe5, 0x56, 0xda, 0x3c, 0xdb, 0xb9, 0xf9, 0xbd, 0xa2, 0x2c, 0x54, 0x3c,
  0xa7, 0xd9, 0xb1, 0x3d, 0x96, 0x44, 0x42, 0x3d, 0x66, 0x2b, 0xa2, 0xbd,
  0x56, 0x3a, 0xbb, 0x3d, 0x54, 0xae, 0x08, 0xbe, 0xf2, 0xab, 0x12, 0x3d,
  0x4d, 0x93, 0x70, 0x3b, 0x19, 0x2c, 0x54, 0xbd, 0xeb, 0x1d, 0xc5, 0xbd,
  0x71, 0x8c, 0x15, 0xbd, 0x73, 0x54, 0x2e, 0x3d, 0x8e, 0xd7, 0xc6, 0xbc,
  0xbe, 0xb7, 0xb3, 0xbc, 0x9c, 0x41, 0xe2, 0xbd, 0x79, 0xf5, 0x20, 0x3d,
  0x3c, 0x2a, 0x95, 0x3d, 0xbf, 0x7c, 0x01, 0xbd, 0xcc, 0xf4, 0xff, 0xff,
  0xd0, 0xf4, 0xff, 0xff, 0x0f, 0x00, 0x00, 0x00, 0x4d, 0x4c, 0x49, 0x52,
  0x20, 0x43, 0x6f, 0x6e, 0x76, 0x65, 0x72, 0x74, 0x65, 0x64, 0x2e, 0x00,
  0x01, 0x00, 0x00, 0x00, 0x14, 0x00, 0x00, 0x00, 0x00, 0x00, 0x0e, 0x00,
  0x18, 0x00, 0x14, 0x00, 0x10, 0x00, 0x0c, 0x00, 0x08, 0x00, 0x04, 0x00,
  0x0e, 0x00, 0x00, 0x00, 0x14, 0x00, 0x00, 0x00, 0x1c, 0x00, 0x00, 0x00,
  0x9c, 0x02, 0x00, 0x00, 0xa0, 0x02, 0x00, 0x00, 0xa4, 0x02, 0x00, 0x00,
  0x04, 0x00, 0x00, 0x00, 0x6d, 0x61, 0x69, 0x6e, 0x00, 0x00, 0x00, 0x00,
  0x09, 0x00, 0x00, 0x00, 0x38, 0x02, 0x00, 0x00, 0xd4, 0x01, 0x00, 0x00,
  0x84, 0x01, 0x00, 0x00, 0x40, 0x01, 0x00, 0x00, 0xf0, 0x00, 0x00, 0x00,
  0xac, 0x00, 0x00, 0x00, 0x78, 0x00, 0x00, 0x00, 0x40, 0x00, 0x00, 0x00,
  0x04, 0x00, 0x00, 0x00, 0x5a, 0xfe, 0xff, 0xff, 0x1c, 0x00, 0x00, 0x00,
  0x00, 0x00, 0x00, 0x09, 0x1c, 0x00, 0x00, 0x00, 0x20, 0x00, 0x00, 0x00,
  0x04, 0x00, 0x00, 0x00, 0x00, 0x00, 0x06, 0x00, 0x08, 0x00, 0x04, 0x00,
  0x06, 0x00, 0x00, 0x00, 0x00, 0x00, 0x80, 0x3f, 0x01, 0x00, 0x00, 0x00,
  0x12, 0x00, 0x00, 0x00, 0x01, 0x00, 0x00, 0x00, 0x11, 0x00, 0x00, 0x00,
  0x1e, 0xff, 0xff, 0xff, 0x14, 0x00, 0x00, 0x00, 0x00, 0x00, 0x00, 0x08,
  0x10, 0x00, 0x00, 0x00, 0x14, 0x00, 0x00, 0x00, 0x03, 0x00, 0x00, 0x00,
  0x9c, 0xf5, 0xff, 0xff, 0x01, 0x00, 0x00, 0x00, 0x11, 0x00, 0x00, 0x00,
  0x03, 0x00, 0x00, 0x00, 0x10, 0x00, 0x00, 0x00, 0x06, 0x00, 0x00, 0x00,
  0x03, 0x00, 0x00, 0x00, 0x52, 0xff, 0xff, 0xff, 0x14, 0x00, 0x00, 0x00,
  0x00, 0x00, 0x00, 0x1b, 0x10, 0x00, 0x00, 0x00, 0x14, 0x00, 0x00, 0x00,
  0x02, 0x00, 0x00, 0x00, 0xd0, 0xf5, 0xff, 0xff, 0x01, 0x00, 0x00, 0x00,
  0x10, 0x00, 0x00, 0x00, 0x02, 0x00, 0x00, 0x00, 0x0f, 0x00, 0x00, 0x00,
  0x07, 0x00, 0x00, 0x00, 0x82, 0xff, 0xff, 0xff, 0x14, 0x00, 0x00, 0x00,
  0x00, 0x00, 0x00, 0x05, 0x24, 0x00, 0x00, 0x00, 0x28, 0x00, 0x00, 0x00,
  0x01, 0x00, 0x00, 0x00, 0xe6, 0xfe, 0xff, 0xff, 0x02, 0x00, 0x00, 0x00,
  0x02, 0x00, 0x00, 0x00, 0x02, 0x00, 0x00, 0x00, 0x02, 0x00, 0x00, 0x00,
  0x00, 0x00, 0x00, 0x01, 0x01, 0x00, 0x00, 0x00, 0x0f, 0x00, 0x00, 0x00,
  0x01, 0x00, 0x00, 0x00, 0x0e, 0x00, 0x00, 0x00, 0xd6, 0xfe, 0xff, 0xff,
  0x10, 0x00, 0x00, 0x00, 0x00, 0x00, 0x00, 0x01, 0x18, 0x00, 0x00, 0x00,
  0x1c, 0x00, 0x00, 0x00, 0xc8, 0xfe, 0xff, 0xff, 0x00, 0x00, 0x00, 0x01,
  0x01, 0x00, 0x00, 0x00, 0x01, 0x00, 0x00, 0x00, 0x01, 0x00, 0x00, 0x00,
  0x0e, 0x00, 0x00, 0x00, 0x03, 0x00, 0x00, 0x00, 0x0d, 0x00, 0x00, 0x00,
  0x04, 0x00, 0x00, 0x00, 0x01, 0x00, 0x00, 0x00, 0x00, 0x00, 0x0e, 0x00,
  0x18, 0x00, 0x14, 0x00, 0x10, 0x00, 0x0c, 0x00, 0x0b, 0x00, 0x04, 0x00,
  0x0e, 0x00, 0x00, 0x00, 0x14, 0x00, 0x00, 0x00, 0x00, 0x00, 0x00, 0x05,
  0x24, 0x00, 0x00, 0x00, 0x28, 0x00, 0x00, 0x00, 0x01, 0x00, 0x00, 0x00,
  0x72, 0xff, 0xff, 0xff, 0x02, 0x00, 0x00, 0x00, 0x02, 0x00, 0x00, 0x00,
  0x02, 0x00, 0x00, 0x00, 0x02, 0x00, 0x00, 0x00, 0x00, 0x00, 0x00, 0x01,
  0x01, 0x00, 0x00, 0x00, 0x0d, 0x00, 0x00, 0x00, 0x01, 0x00, 0x00, 0x00,
  0x0c, 0x00, 0x00, 0x00, 0x62, 0xff, 0xff, 0xff, 0x10, 0x00, 0x00, 0x00,
  0x00, 0x00, 0x00, 0x01, 0x18, 0x00, 0x00, 0x00, 0x1c, 0x00, 0x00, 0x00,
  0x54, 0xff, 0xff, 0xff, 0x00, 0x00, 0x00, 0x01, 0x01, 0x00, 0x00, 0x00,
  0x01, 0x00, 0x00, 0x00, 0x01, 0x00, 0x00, 0x00, 0x0c, 0x00, 0x00, 0x00,
  0x03, 0x00, 0x00, 0x00, 0x0b, 0x00, 0x00, 0x00, 0x05, 0x00, 0x00, 0x00,
  0x02, 0x00, 0x00, 0x00, 0x00, 0x00, 0x0e, 0x00, 0x1a, 0x00, 0x14, 0x00,
  0x10, 0x00, 0x0c, 0x00, 0x0b, 0x00, 0x04, 0x00, 0x0e, 0x00, 0x00, 0x00,
  0x24, 0x00, 0x00, 0x00, 0x00, 0x00, 0x00, 0x05, 0x34, 0x00, 0x00, 0x00,
  0x38, 0x00, 0x00, 0x00, 0x01, 0x00, 0x00, 0x00, 0x00, 0x00, 0x0e, 0x00,
  0x18, 0x00, 0x17, 0x00, 0x10, 0x00, 0x0c, 0x00, 0x08, 0x00, 0x04, 0x00,
  0x0e, 0x00, 0x00, 0x00, 0x02, 0x00, 0x00, 0x00, 0x02, 0x00, 0x00, 0x00,
  0x02, 0x00, 0x00, 0x00, 0x02, 0x00, 0x00, 0x00, 0x00, 0x00, 0x00, 0x01,
  0x01, 0x00, 0x00, 0x00, 0x0b, 0x00, 0x00, 0x00, 0x01, 0x00, 0x00, 0x00,
  0x0a, 0x00, 0x00, 0x00, 0x00, 0x00, 0x0e, 0x00, 0x14, 0x00, 0x00, 0x00,
  0x10, 0x00, 0x0c, 0x00, 0x0b, 0x00, 0x04, 0x00, 0x0e, 0x00, 0x00, 0x00,
  0x1c, 0x00, 0x00, 0x00, 0x00, 0x00, 0x00, 0x01, 0x24, 0x00, 0x00, 0x00,
  0x28, 0x00, 0x00, 0x00, 0x0c, 0x00, 0x10, 0x00, 0x00, 0x00, 0x0c, 0x00,
  0x08, 0x00, 0x07, 0x00, 0x0c, 0x00, 0x00, 0x00, 0x00, 0x00, 0x00, 0x01,
  0x01, 0x00, 0x00, 0x00, 0x01, 0x00, 0x00, 0x00, 0x01, 0x00, 0x00, 0x00,
  0x0a, 0x00, 0x00, 0x00, 0x03, 0x00, 0x00, 0x00, 0x00, 0x00, 0x00, 0x00,
  0x08, 0x00, 0x00, 0x00, 0x09, 0x00, 0x00, 0x00, 0x01, 0x00, 0x00, 0x00,
  0x12, 0x00, 0x00, 0x00, 0x01, 0x00, 0x00, 0x00, 0x00, 0x00, 0x00, 0x00,
  0x13, 0x00, 0x00, 0x00, 0x14, 0x08, 0x00, 0x00, 0xc0, 0x07, 0x00, 0x00,
  0x6c, 0x07, 0x00, 0x00, 0x30, 0x07, 0x00, 0x00, 0xe8, 0x06, 0x00, 0x00,
  0xa0, 0x06, 0x00, 0x00, 0x60, 0x06, 0x00, 0x00, 0xf0, 0x05, 0x00, 0x00,
  0x7c, 0x05, 0x00, 0x00, 0xf4, 0x04, 0x00, 0x00, 0x44, 0x04, 0x00, 0x00,
  0xcc, 0x03, 0x00, 0x00, 0xf8, 0x02, 0x00, 0x00, 0x7c, 0x02, 0x00, 0x00,
  0xc8, 0x01, 0x00, 0x00, 0x4c, 0x01, 0x00, 0x00, 0xdc, 0x00, 0x00, 0x00,
  0x60, 0x00, 0x00, 0x00, 0x04, 0x00, 0x00, 0x00, 0x4e, 0xf8, 0xff, 0xff,
  0x00, 0x00, 0x00, 0x01, 0x14, 0x00, 0x00, 0x00, 0x1c, 0x00, 0x00, 0x00,
  0x1c, 0x00, 0x00, 0x00, 0x13, 0x00, 0x00, 0x00, 0x34, 0x00, 0x00, 0x00,
  0x02, 0x00, 0x00, 0x00, 0xff, 0xff, 0xff, 0xff, 0x02, 0x00, 0x00, 0x00,
  0x30, 0xf8, 0xff, 0xff, 0x1b, 0x00, 0x00, 0x00, 0x53, 0x74, 0x61, 0x74,
  0x65, 0x66, 0x75, 0x6c, 0x50, 0x61, 0x72, 0x74, 0x69, 0x74, 0x69, 0x6f,
  0x6e, 0x65, 0x64, 0x43, 0x61, 0x6c, 0x6c, 0x5f, 0x31, 0x3a, 0x30, 0x00,
  0x02, 0x00, 0x00, 0x00, 0x01, 0x00, 0x00, 0x00, 0x02, 0x00, 0x00, 0x00,
  0xa6, 0xf8, 0xff, 0xff, 0x00, 0x00, 0x00, 0x01, 0x14, 0x00, 0x00, 0x00,
  0x1c, 0x00, 0x00, 0x00, 0x1c, 0x00, 0x00, 0x00, 0x12, 0x00, 0x00, 0x00,
  0x54, 0x00, 0x00, 0x00, 0x02, 0x00, 0x00, 0x00, 0xff, 0xff, 0xff, 0xff,
  0x02, 0x00, 0x00, 0x00, 0x88, 0xf8, 0xff, 0xff, 0x38, 0x00, 0x00, 0x00,
  0x73, 0x65, 0x71, 0x75, 0x65, 0x6e, 0x74, 0x69, 0x61, 0x6c, 0x5f, 0x31,
  0x2f, 0x64, 0x65, 0x6e, 0x73, 0x65, 0x5f, 0x31, 0x2f, 0x4d, 0x61, 0x74,
  0x4d, 0x75, 0x6c, 0x3b, 0x73, 0x65, 0x71, 0x75, 0x65, 0x6e, 0x74, 0x69,
  0x61, 0x6c, 0x5f, 0x31, 0x2f, 0x64, 0x65, 0x6e, 0x73, 0x65, 0x5f, 0x31,
  0x2f, 0x42, 0x69, 0x61, 0x73, 0x41, 0x64, 0x64, 0x00, 0x00, 0x00, 0x00,
  0x02, 0x00, 0x00, 0x00, 0x01, 0x00, 0x00, 0x00, 0x02, 0x00, 0x00, 0x00,
  0x1e, 0xf9, 0xff, 0xff, 0x00, 0x00, 0x00, 0x01, 0x14, 0x00, 0x00, 0x00,
  0x1c, 0x00, 0x00, 0x00, 0x1c, 0x00, 0x00, 0x00, 0x11, 0x00, 0x00, 0x00,
  0x48, 0x00, 0x00, 0x00, 0x02, 0x00, 0x00, 0x00, 0xff, 0xff, 0xff, 0xff,
  0x20, 0x00, 0x00, 0x00, 0x00, 0xf9, 0xff, 0xff, 0x2c, 0x00, 0x00, 0x00,
  0x73, 0x65, 0x71, 0x75, 0x65, 0x6e, 0x74, 0x69, 0x61, 0x6c, 0x5f, 0x31,
  0x2f, 0x67, 0x6c, 0x6f, 0x62, 0x61, 0x6c, 0x5f, 0x61, 0x76, 0x65, 0x72,
  0x61, 0x67, 0x65, 0x5f, 0x70, 0x6f, 0x6f, 0x6c, 0x69, 0x6e, 0x67, 0x32,
  0x64, 0x5f, 0x31, 0x2f, 0x4d, 0x65, 0x61, 0x6e, 0x00, 0x00, 0x00, 0x00,
  0x02, 0x00, 0x00, 0x00, 0x01, 0x00, 0x00, 0x00, 0x20, 0x00, 0x00, 0x00,
  0x8a, 0xf9, 0xff, 0xff, 0x00, 0x00, 0x00, 0x01, 0x14, 0x00, 0x00, 0x00,
  0x24, 0x00, 0x00, 0x00, 0x24, 0x00, 0x00, 0x00, 0x10, 0x00, 0x00, 0x00,
  0x4c, 0x00, 0x00, 0x00, 0x04, 0x00, 0x00, 0x00, 0xff, 0xff, 0xff, 0xff,
  0x06, 0x00, 0x00, 0x00, 0x06, 0x00, 0x00, 0x00, 0x20, 0x00, 0x00, 0x00,
  0x74, 0xf9, 0xff, 0xff, 0x28, 0x00, 0x00, 0x00, 0x73, 0x65, 0x71, 0x75,
  0x65, 0x6e, 0x74, 0x69, 0x61, 0x6c, 0x5f, 0x31, 0x2f, 0x6d, 0x61, 0x78,
  0x5f, 0x70, 0x6f, 0x6f, 0x6c, 0x69, 0x6e, 0x67, 0x32, 0x64, 0x5f, 0x32,
  0x5f, 0x31, 0x2f, 0x4d, 0x61, 0x78, 0x50, 0x6f, 0x6f, 0x6c, 0x32, 0x64,
  0x00, 0x00, 0x00, 0x00, 0x04, 0x00, 0x00, 0x00, 0x01, 0x00, 0x00, 0x00,
  0x06, 0x00, 0x00, 0x00, 0x06, 0x00, 0x00, 0x00, 0x20, 0x00, 0x00, 0x00,
  0x02, 0xfa, 0xff, 0xff, 0x00, 0x00, 0x00, 0x01, 0x14, 0x00, 0x00, 0x00,
  0x24, 0x00, 0x00, 0x00, 0x24, 0x00, 0x00, 0x00, 0x0f, 0x00, 0x00, 0x00,
  0x84, 0x00, 0x00, 0x00, 0x04, 0x00, 0x00, 0x00, 0xff, 0xff, 0xff, 0xff,
  0x0c, 0x00, 0x00, 0x00, 0x0c, 0x00, 0x00, 0x00, 0x20, 0x00, 0x00, 0x00,
  0xec, 0xf9, 0xff, 0xff, 0x61, 0x00, 0x00, 0x00, 0x73, 0x65, 0x71, 0x75,
  0x65, 0x6e, 0x74, 0x69, 0x61, 0x6c, 0x5f, 0x31, 0x2f, 0x63, 0x6f, 0x6e,
  0x76, 0x32, 0x64, 0x5f, 0x32, 0x5f, 0x31, 0x2f, 0x52, 0x65, 0x6c, 0x75,
  0x3b, 0x73, 0x65, 0x71, 0x75, 0x65, 0x6e, 0x74, 0x69, 0x61, 0x6c, 0x5f,
  0x31, 0x2f, 0x63, 0x6f, 0x6e, 0x76, 0x32, 0x64, 0x5f, 0x32, 0x5f, 0x31,
  0x2f, 0x42, 0x69, 0x61, 0x73, 0x41, 0x64, 0x64, 0x3b, 0x73, 0x65, 0x71,
  0x75, 0x65, 0x6e, 0x74, 0x69, 0x61, 0x6c, 0x5f, 0x31, 0x2f, 0x63, 0x6f,
  0x6e, 0x76, 0x32, 0x64, 0x5f, 0x32, 0x5f, 0x31, 0x2f, 0x63, 0x6f, 0x6e,
  0x76, 0x6f, 0x6c, 0x75, 0x74, 0x69, 0x6f, 0x6e, 0x3b, 0x00, 0x00, 0x00,
  0x04, 0x00, 0x00, 0x00, 0x01, 0x00, 0x00, 0x00, 0x0c, 0x00, 0x00, 0x00,
  0x0c, 0x00, 0x00, 0x00, 0x20, 0x00, 0x00, 0x00, 0xb2, 0xfa, 0xff, 0xff,
  0x00, 0x00, 0x00, 0x01, 0x14, 0x00, 0x00, 0x00, 0x24, 0x00, 0x00, 0x00,
  0x24, 0x00, 0x00, 0x00, 0x0e, 0x00, 0x00, 0x00, 0x4c, 0x00, 0x00, 0x00,
  0x04, 0x00, 0x00, 0x00, 0xff, 0xff, 0xff, 0xff, 0x0c, 0x00, 0x00, 0x00,
  0x0c, 0x00, 0x00, 0x00, 0x10, 0x00, 0x00, 0x00, 0x9c, 0xfa, 0xff, 0xff,
  0x28, 0x00, 0x00, 0x00, 0x73, 0x65, 0x71, 0x75, 0x65, 0x6e, 0x74, 0x69,
  0x61, 0x6c, 0x5f, 0x31, 0x2f, 0x6d, 0x61, 0x78, 0x5f, 0x70, 0x6f, 0x6f,
  0x6c, 0x69, 0x6e, 0x67, 0x32, 0x64, 0x5f, 0x31, 0x5f, 0x32, 0x2f, 0x4d,
  0x61, 0x78, 0x50, 0x6f, 0x6f, 0x6c, 0x32, 0x64, 0x00, 0x00, 0x00, 0x00,
  0x04, 0x00, 0x00, 0x00, 0x01, 0x00, 0x00, 0x00, 0x0c, 0x00, 0x00, 0x00,
  0x0c, 0x00, 0x00, 0x00, 0x10, 0x00, 0x00, 0x00, 0x2a, 0xfb, 0xff, 0xff,
  0x00, 0x00, 0x00, 0x01, 0x14, 0x00, 0x00, 0x00, 0x24, 0x00, 0x00, 0x00,
  0x24, 0x00, 0x00, 0x00, 0x0d, 0x00, 0x00, 0x00, 0xa4, 0x00, 0x00, 0x00,
  0x04, 0x00, 0x00, 0x00, 0xff, 0xff, 0xff, 0xff, 0x18, 0x00, 0x00, 0x00,
  0x18, 0x00, 0x00, 0x00, 0x10, 0x00, 0x00, 0x00, 0x14, 0xfb, 0xff, 0xff,
  0x80, 0x00, 0x00, 0x00, 0x73, 0x65, 0x71, 0x75, 0x65, 0x6e, 0x74, 0x69,
  0x61, 0x6c, 0x5f, 0x31, 0x2f, 0x63, 0x6f, 0x6e, 0x76, 0x32, 0x64, 0x5f,
  0x31, 0x5f, 0x32, 0x2f, 0x52, 0x65, 0x6c, 0x75, 0x3b, 0x73, 0x65, 0x71,
  0x75, 0x65, 0x6e, 0x74, 0x69, 0x61, 0x6c, 0x5f, 0x31, 0x2f, 0x63, 0x6f,
  0x6e, 0x76, 0x32, 0x64, 0x5f, 0x31, 0x5f, 0x32, 0x2f, 0x42, 0x69, 0x61,
  0x73, 0x41, 0x64, 0x64, 0x3b, 0x73, 0x65, 0x71, 0x75, 0x65, 0x6e, 0x74,
  0x69, 0x61, 0x6c, 0x5f, 0x31, 0x2f, 0x63, 0x6f, 0x6e, 0x76, 0x32, 0x64,
  0x5f, 0x31, 0x5f, 0x32, 0x2f, 0x63, 0x6f, 0x6e, 0x76, 0x6f, 0x6c, 0x75,
  0x74, 0x69, 0x6f, 0x6e, 0x3b, 0x73, 0x65, 0x71, 0x75, 0x65, 0x6e, 0x74,
  0x69, 0x61, 0x6c, 0x5f, 0x31, 0x2f, 0x63, 0x6f, 0x6e, 0x76, 0x32, 0x64,
  0x5f, 0x31, 0x5f, 0x32, 0x2f, 0x53, 0x71, 0x75, 0x65, 0x65, 0x7a, 0x65,
  0x00, 0x00, 0x00, 0x00, 0x04, 0x00, 0x00, 0x00, 0x01, 0x00, 0x00, 0x00,
  0x18, 0x00, 0x00, 0x00, 0x18, 0x00, 0x00, 0x00, 0x10, 0x00, 0x00, 0x00,
  0xfa, 0xfb, 0xff, 0xff, 0x00, 0x00, 0x00, 0x01, 0x14, 0x00, 0x00, 0x00,
  0x24, 0x00, 0x00, 0x00, 0x24, 0x00, 0x00, 0x00, 0x0c, 0x00, 0x00, 0x00,
  0x48, 0x00, 0x00, 0x00, 0x04, 0x00, 0x00, 0x00, 0xff, 0xff, 0xff, 0xff,
  0x18, 0x00, 0x00, 0x00, 0x18, 0x00, 0x00, 0x00, 0x08, 0x00, 0x00, 0x00,
  0xe4, 0xfb, 0xff, 0xff, 0x26, 0x00, 0x00, 0x00, 0x73, 0x65, 0x71, 0x75,
  0x65, 0x6e, 0x74, 0x69, 0x61, 0x6c, 0x5f, 0x31, 0x2f, 0x6d, 0x61, 0x78,
  0x5f, 0x70, 0x6f, 0x6f, 0x6c, 0x69, 0x6e, 0x67, 0x32, 0x64, 0x5f, 0x31,
  0x2f, 0x4d, 0x61, 0x78, 0x50, 0x6f, 0x6f, 0x6c, 0x32, 0x64, 0x00, 0x00,
  0x04, 0x00, 0x00, 0x00, 0x01, 0x00, 0x00, 0x00, 0x18, 0x00, 0x00, 0x00,
  0x18, 0x00, 0x00, 0x00, 0x08, 0x00, 0x00, 0x00, 0x6e, 0xfc, 0xff, 0xff,
  0x00, 0x00, 0x00, 0x01, 0x14, 0x00, 0x00, 0x00, 0x24, 0x00, 0x00, 0x00,
  0x24, 0x00, 0x00, 0x00, 0x0b, 0x00, 0x00, 0x00, 0x80, 0x00, 0x00, 0x00,
  0x04, 0x00, 0x00, 0x00, 0xff, 0xff, 0xff, 0xff, 0x30, 0x00, 0x00, 0x00,
  0x30, 0x00, 0x00, 0x00, 0x08, 0x00, 0x00, 0x00, 0x58, 0xfc, 0xff, 0xff,
  0x5c, 0x00, 0x00, 0x00, 0x73, 0x65, 0x71, 0x75, 0x65, 0x6e, 0x74, 0x69,
  0x61, 0x6c, 0x5f, 0x31, 0x2f, 0x63, 0x6f, 0x6e, 0x76, 0x32, 0x64, 0x5f,
  0x31, 0x2f, 0x52, 0x65, 0x6c, 0x75, 0x3b, 0x73, 0x65, 0x71, 0x75, 0x65,
  0x6e, 0x74, 0x69, 0x61, 0x6c, 0x5f, 0x31, 0x2f, 0x63, 0x6f, 0x6e, 0x76,
  0x32, 0x64, 0x5f, 0x31, 0x2f, 0x42, 0x69, 0x61, 0x73, 0x41, 0x64, 0x64,
  0x3b, 0x73, 0x65, 0x71, 0x75, 0x65, 0x6e, 0x74, 0x69, 0x61, 0x6c, 0x5f,
  0x31, 0x2f, 0x63, 0x6f, 0x6e, 0x76, 0x32, 0x64, 0x5f, 0x31, 0x2f, 0x63,
  0x6f, 0x6e, 0x76, 0x6f, 0x6c, 0x75, 0x74, 0x69, 0x6f, 0x6e, 0x3b, 0x31,
  0x00, 0x00, 0x00, 0x00, 0x04, 0x00, 0x00, 0x00, 0x01, 0x00, 0x00, 0x00,
  0x30, 0x00, 0x00, 0x00, 0x30, 0x00, 0x00, 0x00, 0x08, 0x00, 0x00, 0x00,
  0x6a, 0xfd, 0xff, 0xff, 0x00, 0x00, 0x00, 0x01, 0x10, 0x00, 0x00, 0x00,
  0x10, 0x00, 0x00, 0x00, 0x0a, 0x00, 0x00, 0x00, 0x68, 0x00, 0x00, 0x00,
  0xec, 0xfc, 0xff, 0xff, 0x5b, 0x00, 0x00, 0x00, 0x73, 0x65, 0x71, 0x75,
  0x65, 0x6e, 0x74, 0x69, 0x61, 0x6c, 0x5f, 0x31, 0x2f, 0x63, 0x6f, 0x6e,
  0x76, 0x32, 0x64, 0x5f, 0x31, 0x2f, 0x52, 0x65, 0x6c, 0x75, 0x3b, 0x73,
  0x65, 0x71, 0x75, 0x65, 0x6e, 0x74, 0x69, 0x61, 0x6c, 0x5f, 0x31, 0x2f,
  0x63, 0x6f, 0x6e, 0x76, 0x32, 0x64, 0x5f, 0x31, 0x2f, 0x42, 0x69, 0x61,
  0x73, 0x41, 0x64, 0x64, 0x3b, 0x73, 0x65, 0x71, 0x75, 0x65, 0x6e, 0x74,
  0x69, 0x61, 0x6c, 0x5f, 0x31, 0x2f, 0x63, 0x6f, 0x6e, 0x76, 0x32, 0x64,
  0x5f, 0x31, 0x2f, 0x63, 0x6f, 0x6e, 0x76, 0x6f, 0x6c, 0x75, 0x74, 0x69,
  0x6f, 0x6e, 0x3b, 0x00, 0x01, 0x00, 0x00, 0x00, 0x08, 0x00, 0x00, 0x00,
  0xee, 0xfd, 0xff, 0xff, 0x00, 0x00, 0x00, 0x01, 0x10, 0x00, 0x00, 0x00,
  0x10, 0x00, 0x00, 0x00, 0x09, 0x00, 0x00, 0x00, 0x30, 0x00, 0x00, 0x00,
  0x70, 0xfd, 0xff, 0xff, 0x21, 0x00, 0x00, 0x00, 0x73, 0x65, 0x71, 0x75,
  0x65, 0x6e, 0x74, 0x69, 0x61, 0x6c, 0x5f, 0x31, 0x2f, 0x63, 0x6f, 0x6e,
  0x76, 0x32, 0x64, 0x5f, 0x31, 0x2f, 0x63, 0x6f, 0x6e, 0x76, 0x6f, 0x6c,
  0x75, 0x74, 0x69, 0x6f, 0x6e, 0x00, 0x00, 0x00, 0x04, 0x00, 0x00, 0x00,
  0x08, 0x00, 0x00, 0x00, 0x03, 0x00, 0x00, 0x00, 0x03, 0x00, 0x00, 0x00,
  0x01, 0x00, 0x00, 0x00, 0x00, 0x00, 0x16, 0x00, 0x1c, 0x00, 0x18, 0x00,
  0x17, 0x00, 0x10, 0x00, 0x0c, 0x00, 0x08, 0x00, 0x00, 0x00, 0x00, 0x00,
  0x00, 0x00, 0x07, 0x00, 0x16, 0x00, 0x00, 0x00, 0x00, 0x00, 0x00, 0x01,
  0x14, 0x00, 0x00, 0x00, 0x14, 0x00, 0x00, 0x00, 0x08, 0x00, 0x00, 0x00,
  0x00, 0x00, 0x00, 0x02, 0x4c, 0x00, 0x00, 0x00, 0xe4, 0xfd, 0xff, 0xff,
  0x3e, 0x00, 0x00, 0x00, 0x73, 0x65, 0x71, 0x75, 0x65, 0x6e, 0x74, 0x69,
  0x61, 0x6c, 0x5f, 0x31, 0x2f, 0x67, 0x6c, 0x6f, 0x62, 0x61, 0x6c, 0x5f,
  0x61, 0x76, 0x65, 0x72, 0x61, 0x67, 0x65, 0x5f, 0x70, 0x6f, 0x6f, 0x6c,
  0x69, 0x6e, 0x67, 0x32, 0x64, 0x5f, 0x31, 0x2f, 0x4d, 0x65, 0x61, 0x6e,
  0x2f, 0x72, 0x65, 0x64, 0x75, 0x63, 0x74, 0x69, 0x6f, 0x6e, 0x5f, 0x69,
  0x6e, 0x64, 0x69, 0x63, 0x65, 0x73, 0x00, 0x00, 0x01, 0x00, 0x00, 0x00,
  0x02, 0x00, 0x00, 0x00, 0xca, 0xfe, 0xff, 0xff, 0x00, 0x00, 0x00, 0x01,
  0x10, 0x00, 0x00, 0x00, 0x10, 0x00, 0x00, 0x00, 0x07, 0x00, 0x00, 0x00,
  0x1c, 0x00, 0x00, 0x00, 0x4c, 0xfe, 0xff, 0xff, 0x0f, 0x00, 0x00, 0x00,
  0x61, 0x72, 0x69, 0x74, 0x68, 0x2e, 0x63, 0x6f, 0x6e, 0x73, 0x74, 0x61,
  0x6e, 0x74, 0x35, 0x00, 0x02, 0x00, 0x00, 0x00, 0x02, 0x00, 0x00, 0x00,
  0x20, 0x00, 0x00, 0x00, 0x06, 0xff, 0xff, 0xff, 0x00, 0x00, 0x00, 0x01,
  0x10, 0x00, 0x00, 0x00, 0x10, 0x00, 0x00, 0x00, 0x06, 0x00, 0x00, 0x00,
  0x1c, 0x00, 0x00, 0x00, 0x88, 0xfe, 0xff, 0xff, 0x0f, 0x00, 0x00, 0x00,
  0x61, 0x72, 0x69, 0x74, 0x68, 0x2e, 0x63, 0x6f, 0x6e, 0x73, 0x74, 0x61,
  0x6e, 0x74, 0x34, 0x00, 0x04, 0x00, 0x00, 0x00, 0x10, 0x00, 0x00, 0x00,
  0x03, 0x00, 0x00, 0x00, 0x03, 0x00, 0x00, 0x00, 0x08, 0x00, 0x00, 0x00,
  0x4a, 0xff, 0xff, 0xff, 0x00, 0x00, 0x00, 0x01, 0x10, 0x00, 0x00, 0x00,
  0x10, 0x00, 0x00, 0x00, 0x05, 0x00, 0x00, 0x00, 0x1c, 0x00, 0x00, 0x00,
  0xcc, 0xfe, 0xff, 0xff, 0x0f, 0x00, 0x00, 0x00, 0x61, 0x72, 0x69, 0x74,
  0x68, 0x2e, 0x63, 0x6f, 0x6e, 0x73, 0x74, 0x61, 0x6e, 0x74, 0x33, 0x00,
  0x04, 0x00, 0x00, 0x00, 0x20, 0x00, 0x00, 0x00, 0x03, 0x00, 0x00, 0x00,
  0x03, 0x00, 0x00, 0x00, 0x10, 0x00, 0x00, 0x00, 0x8e, 0xff, 0xff, 0xff,
  0x00, 0x00, 0x00, 0x01, 0x10, 0x00, 0x00, 0x00, 0x10, 0x00, 0x00, 0x00,
  0x04, 0x00, 0x00, 0x00, 0x1c, 0x00, 0x00, 0x00, 0x10, 0xff, 0xff, 0xff,
  0x0f, 0x00, 0x00, 0x00, 0x61, 0x72, 0x69, 0x74, 0x68, 0x2e, 0x63, 0x6f,
  0x6e, 0x73, 0x74, 0x61, 0x6e, 0x74, 0x32, 0x00, 0x01, 0x00, 0x00, 0x00,
  0x02, 0x00, 0x00, 0x00, 0xc6, 0xff, 0xff, 0xff, 0x00, 0x00, 0x00, 0x01,
  0x10, 0x00, 0x00, 0x00, 0x10, 0x00, 0x00, 0x00, 0x03, 0x00, 0x00, 0x00,
  0x1c, 0x00, 0x00, 0x00, 0x48, 0xff, 0xff, 0xff, 0x0f, 0x00, 0x00, 0x00,
  0x61, 0x72, 0x69, 0x74, 0x68, 0x2e, 0x63, 0x6f, 0x6e, 0x73, 0x74, 0x61,
  0x6e, 0x74, 0x31, 0x00, 0x01, 0x00, 0x00, 0x00, 0x10, 0x00, 0x00, 0x00,
  0x00, 0x00, 0x16, 0x00, 0x18, 0x00, 0x14, 0x00, 0x00, 0x00, 0x10, 0x00,
  0x0c, 0x00, 0x08, 0x00, 0x00, 0x00, 0x00, 0x00, 0x00, 0x00, 0x07, 0x00,
  0x16, 0x00, 0x00, 0x00, 0x00, 0x00, 0x00, 0x01, 0x10, 0x00, 0x00, 0x00,
  0x10, 0x00, 0x00, 0x00, 0x02, 0x00, 0x00, 0x00, 0x1c, 0x00, 0x00, 0x00,
  0x98, 0xff, 0xff, 0xff, 0x0e, 0x00, 0x00, 0x00, 0x61, 0x72, 0x69, 0x74,
  0x68, 0x2e, 0x63, 0x6f, 0x6e, 0x73, 0x74, 0x61, 0x6e, 0x74, 0x00, 0x00,
  0x01, 0x00, 0x00, 0x00, 0x20, 0x00, 0x00, 0x00, 0x00, 0x00, 0x16, 0x00,
  0x1c, 0x00, 0x18, 0x00, 0x00, 0x00, 0x14, 0x00, 0x10, 0x00, 0x0c, 0x00,
  0x00, 0x00, 0x00, 0x00, 0x08, 0x00, 0x07, 0x00, 0x16, 0x00, 0x00, 0x00,
  0x00, 0x00, 0x00, 0x01, 0x14, 0x00, 0x00, 0x00, 0x28, 0x00, 0x00, 0x00,
  0x28, 0x00, 0x00, 0x00, 0x01, 0x00, 0x00, 0x00, 0x44, 0x00, 0x00, 0x00,
  0x04, 0x00, 0x00, 0x00, 0xff, 0xff, 0xff, 0xff, 0x30, 0x00, 0x00, 0x00,
  0x30, 0x00, 0x00, 0x00, 0x01, 0x00, 0x00, 0x00, 0x04, 0x00, 0x04, 0x00,
  0x04, 0x00, 0x00, 0x00, 0x1e, 0x00, 0x00, 0x00, 0x73, 0x65, 0x72, 0x76,
  0x69, 0x6e, 0x67, 0x5f, 0x64, 0x65, 0x66, 0x61, 0x75, 0x6c, 0x74, 0x5f,
  0x6b, 0x65, 0x72, 0x61, 0x73, 0x5f, 0x74, 0x65, 0x6e, 0x73, 0x6f, 0x72,
  0x3a, 0x30, 0x00, 0x00, 0x04, 0x00, 0x00, 0x00, 0x01, 0x00, 0x00, 0x00,
  0x30, 0x00, 0x00, 0x00, 0x30, 0x00, 0x00, 0x00, 0x01, 0x00, 0x00, 0x00,
  0x05, 0x00, 0x00, 0x00, 0x50, 0x00, 0x00, 0x00, 0x34, 0x00, 0x00, 0x00,
  0x24, 0x00, 0x00, 0x00, 0x14, 0x00, 0x00, 0x00, 0x04, 0x00, 0x00, 0x00,
  0xd0, 0xff, 0xff, 0xff, 0x19, 0x00, 0x00, 0x00, 0x00, 0x00, 0x00, 0x19,
  0xdc, 0xff, 0xff, 0xff, 0x09, 0x00, 0x00, 0x00, 0x00, 0x00, 0x00, 0x09,
  0xe8, 0xff, 0xff, 0xff, 0x28, 0x00, 0x00, 0x00, 0x00, 0x00, 0x00, 0x28,
  0xf4, 0xff, 0xff, 0xff, 0x11, 0x00, 0x00, 0x00, 0x00, 0x00, 0x00, 0x11,
  0x0c, 0x00, 0x0c, 0x00, 0x0b, 0x00, 0x00, 0x00, 0x00, 0x00, 0x04, 0x00,
  0x0c, 0x00, 0x00, 0x00, 0x03, 0x00, 0x00, 0x00, 0x00, 0x00, 0x00, 0x03
};

const unsigned int face_model_tflite_len = 27504;

const int kImageSize = 48;
const int kImageChannels = 1;  // grayscale

const int kNumClasses = 2;

const char* const kLabelNames[] = {
  "non_face",
  "face"
};

// Pixel normalization: (pixel / 255.0 - mean) / std
const float kPixelMean = 0.488811f;
const float kPixelStd = 0.224648f;

#endif
